Timestamp,Scope,Name,CPU_m,MEM_MiB,Pods,CPU_pct,MEM_pct,HTTP_LAT_ms
2026-06-15 14:36:51,deployment,details-v1,0,14,1,,,
2026-06-15 14:36:51,deployment,productpage-v1,1,273,1,,,
2026-06-15 14:36:51,http_p95_latency,productpage-v1,,,,,,42.9
2026-06-15 14:36:51,deployment,ratings-v1,0,14,1,,,
2026-06-15 14:36:51,deployment,reviews-v1,1,89,1,,,
2026-06-15 14:36:51,deployment,reviews-v2,1,88,1,,,
2026-06-15 14:36:51,deployment,reviews-v3,1,88,1,,,
2026-06-15 14:36:51,node,master,412,1486,,20.6,38.7,
2026-06-15 14:36:51,node,worker-1,195,1029,,9.8,26.8,
2026-06-15 14:36:51,node,worker-2,187,1294,,9.3,33.7,
2026-06-15 14:36:51,node,worker-3,37,725,,1.8,18.9,
2026-06-15 14:36:51,node,worker-4,188,1605,,9.4,41.8,
2026-06-15 14:36:57,deployment,details-v1,0,14,1,,,
2026-06-15 14:36:57,deployment,productpage-v1,1,273,1,,,
2026-06-15 14:36:57,http_p95_latency,productpage-v1,,,,,,0.0
2026-06-15 14:36:57,deployment,ratings-v1,0,14,1,,,
2026-06-15 14:36:57,deployment,reviews-v1,1,89,1,,,
2026-06-15 14:36:57,deployment,reviews-v2,1,88,1,,,
2026-06-15 14:36:57,deployment,reviews-v3,1,88,1,,,
2026-06-15 14:36:57,node,master,412,1486,,20.6,38.7,
2026-06-15 14:36:57,node,worker-1,195,1029,,9.8,26.8,
2026-06-15 14:36:57,node,worker-2,187,1294,,9.3,33.7,
2026-06-15 14:36:57,node,worker-3,37,725,,1.8,18.9,
2026-06-15 14:36:57,node,worker-4,188,1605,,9.4,41.8,
2026-06-15 14:37:04,deployment,details-v1,1,15,1,,,
2026-06-15 14:37:04,deployment,productpage-v1,1,273,1,,,
2026-06-15 14:37:04,http_p95_latency,productpage-v1,,,,,,0.0
2026-06-15 14:37:04,deployment,ratings-v1,0,14,1,,,
2026-06-15 14:37:04,deployment,reviews-v1,11,89,1,,,
2026-06-15 14:37:04,deployment,reviews-v2,5,91,1,,,
2026-06-15 14:37:04,deployment,reviews-v3,10,88,1,,,
2026-06-15 14:37:04,node,master,1168,1650,,58.4,43.0,
2026-06-15 14:37:04,node,worker-1,214,1078,,10.7,28.1,
2026-06-15 14:37:04,node,worker-2,254,1356,,12.7,35.3,
2026-06-15 14:37:04,node,worker-3,128,738,,6.4,19.2,
2026-06-15 14:37:04,node,worker-4,208,1615,,10.4,42.1,
2026-06-15 14:37:10,deployment,details-v1,1,15,1,,,
2026-06-15 14:37:10,deployment,productpage-v1,1,273,1,,,
2026-06-15 14:37:10,http_p95_latency,productpage-v1,,,,,,158.3
2026-06-15 14:37:10,deployment,ratings-v1,0,14,1,,,
2026-06-15 14:37:10,deployment,reviews-v1,11,89,1,,,
2026-06-15 14:37:10,deployment,reviews-v2,5,91,1,,,
2026-06-15 14:37:10,deployment,reviews-v3,10,88,1,,,
2026-06-15 14:37:10,node,master,1168,1650,,58.4,43.0,
2026-06-15 14:37:10,node,worker-1,214,1078,,10.7,28.1,
2026-06-15 14:37:10,node,worker-2,254,1356,,12.7,35.3,
2026-06-15 14:37:10,node,worker-3,128,738,,6.4,19.2,
2026-06-15 14:37:10,node,worker-4,208,1615,,10.4,42.1,
2026-06-15 14:37:16,deployment,details-v1,7,15,1,,,
2026-06-15 14:37:16,deployment,productpage-v1,40,273,1,,,
2026-06-15 14:37:16,http_p95_latency,productpage-v1,,,,,,158.3
2026-06-15 14:37:16,deployment,ratings-v1,2,14,1,,,
2026-06-15 14:37:16,deployment,reviews-v1,10,89,1,,,
2026-06-15 14:37:16,deployment,reviews-v2,23,93,1,,,
2026-06-15 14:37:16,deployment,reviews-v3,8,88,1,,,
2026-06-15 14:37:16,node,master,310,1647,,15.5,42.9,
2026-06-15 14:37:16,node,worker-1,100,1078,,5.0,28.1,
2026-06-15 14:37:16,node,worker-2,161,1356,,8.1,35.3,
2026-06-15 14:37:16,node,worker-3,41,739,,2.1,19.2,
2026-06-15 14:37:16,node,worker-4,172,1642,,8.6,42.8,
2026-06-15 14:37:22,deployment,details-v1,7,15,1,,,
2026-06-15 14:37:22,deployment,productpage-v1,40,273,1,,,
2026-06-15 14:37:22,http_p95_latency,productpage-v1,,,,,,75.0
2026-06-15 14:37:22,deployment,ratings-v1,2,14,1,,,
2026-06-15 14:37:22,deployment,reviews-v1,10,89,1,,,
2026-06-15 14:37:22,deployment,reviews-v2,23,93,1,,,
2026-06-15 14:37:22,deployment,reviews-v3,8,88,1,,,
2026-06-15 14:37:22,node,master,310,1647,,15.5,42.9,
2026-06-15 14:37:22,node,worker-1,100,1078,,5.0,28.1,
2026-06-15 14:37:22,node,worker-2,161,1356,,8.1,35.3,
2026-06-15 14:37:22,node,worker-3,41,739,,2.1,19.2,
2026-06-15 14:37:22,node,worker-4,172,1642,,8.6,42.8,
2026-06-15 14:37:28,deployment,details-v1,7,15,1,,,
2026-06-15 14:37:28,deployment,productpage-v1,40,273,1,,,
2026-06-15 14:37:28,http_p95_latency,productpage-v1,,,,,,75.0
2026-06-15 14:37:28,deployment,ratings-v1,2,14,1,,,
2026-06-15 14:37:28,deployment,reviews-v1,10,89,1,,,
2026-06-15 14:37:28,deployment,reviews-v2,23,93,1,,,
2026-06-15 14:37:28,deployment,reviews-v3,8,88,1,,,
2026-06-15 14:37:28,node,master,310,1647,,15.5,42.9,
2026-06-15 14:37:28,node,worker-1,100,1078,,5.0,28.1,
2026-06-15 14:37:28,node,worker-2,161,1356,,8.1,35.3,
2026-06-15 14:37:28,node,worker-3,41,739,,2.1,19.2,
2026-06-15 14:37:28,node,worker-4,172,1642,,8.6,42.8,
2026-06-15 14:37:34,deployment,details-v1,7,15,1,,,
2026-06-15 14:37:34,deployment,productpage-v1,40,273,1,,,
2026-06-15 14:37:34,http_p95_latency,productpage-v1,,,,,,75.0
2026-06-15 14:37:34,deployment,ratings-v1,1,14,1,,,
2026-06-15 14:37:34,deployment,reviews-v1,14,89,1,,,
2026-06-15 14:37:34,deployment,reviews-v2,20,89,1,,,
2026-06-15 14:37:34,deployment,reviews-v3,18,88,1,,,
2026-06-15 14:37:34,node,master,234,1631,,11.7,42.5,
2026-06-15 14:37:34,node,worker-1,108,1079,,5.4,28.1,
2026-06-15 14:37:34,node,worker-2,159,1359,,8.0,35.4,
2026-06-15 14:37:34,node,worker-3,45,740,,2.2,19.3,
2026-06-15 14:37:34,node,worker-4,179,1684,,8.9,43.9,
2026-06-15 14:37:40,deployment,details-v1,7,15,1,,,
2026-06-15 14:37:40,deployment,productpage-v1,40,273,1,,,
2026-06-15 14:37:40,http_p95_latency,productpage-v1,,,,,,54.2
2026-06-15 14:37:40,deployment,ratings-v1,1,14,1,,,
2026-06-15 14:37:40,deployment,reviews-v1,14,89,1,,,
2026-06-15 14:37:40,deployment,reviews-v2,20,89,1,,,
2026-06-15 14:37:40,deployment,reviews-v3,18,88,1,,,
2026-06-15 14:37:40,node,master,234,1631,,11.7,42.5,
2026-06-15 14:37:40,node,worker-1,108,1079,,5.4,28.1,
2026-06-15 14:37:40,node,worker-2,159,1359,,8.0,35.4,
2026-06-15 14:37:40,node,worker-3,45,740,,2.2,19.3,
2026-06-15 14:37:40,node,worker-4,179,1684,,8.9,43.9,
2026-06-15 14:37:46,deployment,details-v1,7,15,1,,,
2026-06-15 14:37:46,deployment,productpage-v1,40,273,1,,,
2026-06-15 14:37:46,http_p95_latency,productpage-v1,,,,,,54.2
2026-06-15 14:37:46,deployment,ratings-v1,1,14,1,,,
2026-06-15 14:37:46,deployment,reviews-v1,14,89,1,,,
2026-06-15 14:37:46,deployment,reviews-v2,20,89,1,,,
2026-06-15 14:37:46,deployment,reviews-v3,18,88,1,,,
2026-06-15 14:37:46,node,master,234,1631,,11.7,42.5,
2026-06-15 14:37:46,node,worker-1,78,1087,,3.9,28.3,
2026-06-15 14:37:46,node,worker-2,148,1358,,7.4,35.4,
2026-06-15 14:37:46,node,worker-3,37,741,,1.8,19.3,
2026-06-15 14:37:46,node,worker-4,158,1685,,7.9,43.9,
2026-06-15 14:37:51,deployment,details-v1,7,15,1,,,
2026-06-15 14:37:51,deployment,productpage-v1,42,273,1,,,
2026-06-15 14:37:51,http_p95_latency,productpage-v1,,,,,,54.2
2026-06-15 14:37:51,deployment,ratings-v1,1,14,1,,,
2026-06-15 14:37:51,deployment,reviews-v1,9,89,1,,,
2026-06-15 14:37:51,deployment,reviews-v2,23,89,1,,,
2026-06-15 14:37:51,deployment,reviews-v3,17,89,1,,,
2026-06-15 14:37:51,node,master,210,1630,,10.5,42.5,
2026-06-15 14:37:51,node,worker-1,78,1087,,3.9,28.3,
2026-06-15 14:37:51,node,worker-2,148,1358,,7.4,35.4,
2026-06-15 14:37:51,node,worker-3,37,741,,1.8,19.3,
2026-06-15 14:37:51,node,worker-4,158,1685,,7.9,43.9,
2026-06-15 14:37:58,deployment,details-v1,7,15,1,,,
2026-06-15 14:37:58,deployment,productpage-v1,42,273,1,,,
2026-06-15 14:37:58,http_p95_latency,productpage-v1,,,,,,48.6
2026-06-15 14:37:58,deployment,ratings-v1,1,14,1,,,
2026-06-15 14:37:58,deployment,reviews-v1,9,89,1,,,
2026-06-15 14:37:58,deployment,reviews-v2,23,89,1,,,
2026-06-15 14:37:58,deployment,reviews-v3,17,89,1,,,
2026-06-15 14:37:58,node,master,210,1630,,10.5,42.5,
2026-06-15 14:37:58,node,worker-1,78,1087,,3.9,28.3,
2026-06-15 14:37:58,node,worker-2,148,1358,,7.4,35.4,
2026-06-15 14:37:58,node,worker-3,37,741,,1.8,19.3,
2026-06-15 14:37:58,node,worker-4,158,1685,,7.9,43.9,
2026-06-15 14:38:04,deployment,details-v1,7,15,1,,,
2026-06-15 14:38:04,deployment,productpage-v1,41,273,1,,,
2026-06-15 14:38:04,http_p95_latency,productpage-v1,,,,,,48.6
2026-06-15 14:38:04,deployment,ratings-v1,1,14,1,,,
2026-06-15 14:38:04,deployment,reviews-v1,9,89,1,,,
2026-06-15 14:38:04,deployment,reviews-v2,18,89,1,,,
2026-06-15 14:38:04,deployment,reviews-v3,13,91,1,,,
2026-06-15 14:38:04,node,master,216,1630,,10.8,42.5,
2026-06-15 14:38:04,node,worker-1,98,1085,,4.9,28.3,
2026-06-15 14:38:04,node,worker-2,158,1359,,7.9,35.4,
2026-06-15 14:38:04,node,worker-3,53,740,,2.6,19.3,
2026-06-15 14:38:04,node,worker-4,195,1629,,9.8,42.4,
2026-06-15 14:38:11,deployment,details-v1,7,15,1,,,
2026-06-15 14:38:11,deployment,productpage-v1,41,273,1,,,
2026-06-15 14:38:11,http_p95_latency,productpage-v1,,,,,,78.8
2026-06-15 14:38:11,deployment,ratings-v1,1,14,1,,,
2026-06-15 14:38:11,deployment,reviews-v1,9,89,1,,,
2026-06-15 14:38:11,deployment,reviews-v2,18,89,1,,,
2026-06-15 14:38:11,deployment,reviews-v3,13,91,1,,,
2026-06-15 14:38:11,node,master,216,1630,,10.8,42.5,
2026-06-15 14:38:11,node,worker-1,98,1085,,4.9,28.3,
2026-06-15 14:38:11,node,worker-2,158,1359,,7.9,35.4,
2026-06-15 14:38:11,node,worker-3,53,740,,2.6,19.3,
2026-06-15 14:38:11,node,worker-4,195,1629,,9.8,42.4,
2026-06-15 14:38:17,deployment,details-v1,7,15,1,,,
2026-06-15 14:38:17,deployment,productpage-v1,46,273,1,,,
2026-06-15 14:38:17,http_p95_latency,productpage-v1,,,,,,78.8
2026-06-15 14:38:17,deployment,ratings-v1,2,14,1,,,
2026-06-15 14:38:17,deployment,reviews-v1,10,89,1,,,
2026-06-15 14:38:17,deployment,reviews-v2,21,89,1,,,
2026-06-15 14:38:17,deployment,reviews-v3,13,91,1,,,
2026-06-15 14:38:17,node,master,246,1629,,12.3,42.4,
2026-06-15 14:38:17,node,worker-1,89,1085,,4.5,28.3,
2026-06-15 14:38:17,node,worker-2,150,1356,,7.5,35.3,
2026-06-15 14:38:17,node,worker-3,55,741,,2.8,19.3,
2026-06-15 14:38:17,node,worker-4,126,1630,,6.3,42.5,
2026-06-15 14:38:23,deployment,details-v1,7,15,1,,,
2026-06-15 14:38:23,deployment,productpage-v1,46,273,1,,,
2026-06-15 14:38:23,http_p95_latency,productpage-v1,,,,,,75.0
2026-06-15 14:38:23,deployment,ratings-v1,2,14,1,,,
2026-06-15 14:38:23,deployment,reviews-v1,10,89,1,,,
2026-06-15 14:38:23,deployment,reviews-v2,21,89,1,,,
2026-06-15 14:38:23,deployment,reviews-v3,13,91,1,,,
2026-06-15 14:38:23,node,master,246,1629,,12.3,42.4,
2026-06-15 14:38:23,node,worker-1,89,1085,,4.5,28.3,
2026-06-15 14:38:23,node,worker-2,150,1356,,7.5,35.3,
2026-06-15 14:38:23,node,worker-3,55,741,,2.8,19.3,
2026-06-15 14:38:23,node,worker-4,126,1630,,6.3,42.5,
2026-06-15 14:38:29,deployment,details-v1,7,15,1,,,
2026-06-15 14:38:29,deployment,productpage-v1,46,273,1,,,
2026-06-15 14:38:29,http_p95_latency,productpage-v1,,,,,,75.0
2026-06-15 14:38:29,deployment,ratings-v1,2,14,1,,,
2026-06-15 14:38:29,deployment,reviews-v1,10,89,1,,,
2026-06-15 14:38:29,deployment,reviews-v2,21,89,1,,,
2026-06-15 14:38:29,deployment,reviews-v3,13,91,1,,,
2026-06-15 14:38:29,node,master,246,1629,,12.3,42.4,
2026-06-15 14:38:29,node,worker-1,89,1085,,4.5,28.3,
2026-06-15 14:38:29,node,worker-2,150,1356,,7.5,35.3,
2026-06-15 14:38:29,node,worker-3,55,741,,2.8,19.3,
2026-06-15 14:38:29,node,worker-4,126,1630,,6.3,42.5,
2026-06-15 14:38:34,deployment,details-v1,7,15,1,,,
2026-06-15 14:38:34,deployment,productpage-v1,46,273,1,,,
2026-06-15 14:38:34,http_p95_latency,productpage-v1,,,,,,75.0
2026-06-15 14:38:34,deployment,ratings-v1,2,14,1,,,
2026-06-15 14:38:34,deployment,reviews-v1,10,89,1,,,
2026-06-15 14:38:34,deployment,reviews-v2,16,93,1,,,
2026-06-15 14:38:34,deployment,reviews-v3,17,89,1,,,
2026-06-15 14:38:34,node,master,203,1630,,10.2,42.5,
2026-06-15 14:38:34,node,worker-1,86,1086,,4.3,28.3,
2026-06-15 14:38:34,node,worker-2,167,1356,,8.3,35.3,
2026-06-15 14:38:34,node,worker-3,53,732,,2.6,19.1,
2026-06-15 14:38:34,node,worker-4,186,1648,,9.3,42.9,
2026-06-15 14:38:41,deployment,details-v1,7,15,1,,,
2026-06-15 14:38:41,deployment,productpage-v1,46,273,1,,,
2026-06-15 14:38:41,http_p95_latency,productpage-v1,,,,,,64.1
2026-06-15 14:38:41,deployment,ratings-v1,2,14,1,,,
2026-06-15 14:38:41,deployment,reviews-v1,10,89,1,,,
2026-06-15 14:38:41,deployment,reviews-v2,16,93,1,,,
2026-06-15 14:38:41,deployment,reviews-v3,17,89,1,,,
2026-06-15 14:38:41,node,master,203,1630,,10.2,42.5,
2026-06-15 14:38:41,node,worker-1,86,1086,,4.3,28.3,
2026-06-15 14:38:41,node,worker-2,167,1356,,8.3,35.3,
2026-06-15 14:38:41,node,worker-3,53,732,,2.6,19.1,
2026-06-15 14:38:41,node,worker-4,186,1648,,9.3,42.9,
2026-06-15 14:38:47,deployment,details-v1,6,15,1,,,
2026-06-15 14:38:47,deployment,productpage-v1,44,273,1,,,
2026-06-15 14:38:47,http_p95_latency,productpage-v1,,,,,,64.1
2026-06-15 14:38:47,deployment,ratings-v1,1,14,1,,,
2026-06-15 14:38:47,deployment,reviews-v1,6,89,1,,,
2026-06-15 14:38:47,deployment,reviews-v2,9,89,1,,,
2026-06-15 14:38:47,deployment,reviews-v3,16,90,1,,,
2026-06-15 14:38:47,node,master,234,1629,,11.7,42.4,
2026-06-15 14:38:47,node,worker-1,82,1085,,4.1,28.3,
2026-06-15 14:38:47,node,worker-2,135,1358,,6.8,35.4,
2026-06-15 14:38:47,node,worker-3,37,733,,1.8,19.1,
2026-06-15 14:38:47,node,worker-4,159,1543,,8.0,40.2,
2026-06-15 14:38:53,deployment,details-v1,6,15,1,,,
2026-06-15 14:38:53,deployment,productpage-v1,44,273,1,,,
2026-06-15 14:38:53,http_p95_latency,productpage-v1,,,,,,48.1
2026-06-15 14:38:53,deployment,ratings-v1,1,14,1,,,
2026-06-15 14:38:53,deployment,reviews-v1,6,89,1,,,
2026-06-15 14:38:53,deployment,reviews-v2,9,89,1,,,
2026-06-15 14:38:53,deployment,reviews-v3,16,90,1,,,
2026-06-15 14:38:53,node,master,234,1629,,11.7,42.4,
2026-06-15 14:38:53,node,worker-1,82,1085,,4.1,28.3,
2026-06-15 14:38:53,node,worker-2,135,1358,,6.8,35.4,
2026-06-15 14:38:53,node,worker-3,37,733,,1.8,19.1,
2026-06-15 14:38:53,node,worker-4,159,1543,,8.0,40.2,
2026-06-15 14:39:00,deployment,details-v1,6,15,1,,,
2026-06-15 14:39:00,deployment,productpage-v1,44,273,1,,,
2026-06-15 14:39:00,http_p95_latency,productpage-v1,,,,,,48.1
2026-06-15 14:39:00,deployment,ratings-v1,1,14,1,,,
2026-06-15 14:39:00,deployment,reviews-v1,6,89,1,,,
2026-06-15 14:39:00,deployment,reviews-v2,9,89,1,,,
2026-06-15 14:39:00,deployment,reviews-v3,16,90,1,,,
2026-06-15 14:39:00,node,master,234,1629,,11.7,42.4,
2026-06-15 14:39:00,node,worker-1,82,1085,,4.1,28.3,
2026-06-15 14:39:00,node,worker-2,135,1358,,6.8,35.4,
2026-06-15 14:39:00,node,worker-3,37,733,,1.8,19.1,
2026-06-15 14:39:00,node,worker-4,159,1543,,8.0,40.2,
2026-06-15 14:39:06,deployment,details-v1,8,15,1,,,
2026-06-15 14:39:06,deployment,productpage-v1,50,273,1,,,
2026-06-15 14:39:06,http_p95_latency,productpage-v1,,,,,,48.1
2026-06-15 14:39:06,deployment,ratings-v1,1,14,1,,,
2026-06-15 14:39:06,deployment,reviews-v1,10,89,1,,,
2026-06-15 14:39:06,deployment,reviews-v2,17,89,1,,,
2026-06-15 14:39:06,deployment,reviews-v3,8,88,1,,,
2026-06-15 14:39:06,node,master,178,1631,,8.9,42.5,
2026-06-15 14:39:06,node,worker-1,87,1082,,4.3,28.2,
2026-06-15 14:39:06,node,worker-2,156,1353,,7.8,35.2,
2026-06-15 14:39:06,node,worker-3,53,733,,2.6,19.1,
2026-06-15 14:39:06,node,worker-4,160,1589,,8.0,41.4,
2026-06-15 14:39:12,deployment,details-v1,8,15,1,,,
2026-06-15 14:39:12,deployment,productpage-v1,50,273,1,,,
2026-06-15 14:39:12,http_p95_latency,productpage-v1,,,,,,71.6
2026-06-15 14:39:12,deployment,ratings-v1,1,14,1,,,
2026-06-15 14:39:12,deployment,reviews-v1,10,89,1,,,
2026-06-15 14:39:12,deployment,reviews-v2,17,89,1,,,
2026-06-15 14:39:12,deployment,reviews-v3,8,88,1,,,
2026-06-15 14:39:12,node,master,178,1631,,8.9,42.5,
2026-06-15 14:39:12,node,worker-1,87,1082,,4.3,28.2,
2026-06-15 14:39:12,node,worker-2,156,1353,,7.8,35.2,
2026-06-15 14:39:12,node,worker-3,53,733,,2.6,19.1,
2026-06-15 14:39:12,node,worker-4,160,1589,,8.0,41.4,
2026-06-15 14:39:18,deployment,details-v1,7,15,1,,,
2026-06-15 14:39:18,deployment,productpage-v1,46,273,1,,,
2026-06-15 14:39:18,http_p95_latency,productpage-v1,,,,,,71.6
2026-06-15 14:39:18,deployment,ratings-v1,2,14,1,,,
2026-06-15 14:39:18,deployment,reviews-v1,5,89,1,,,
2026-06-15 14:39:18,deployment,reviews-v2,14,89,1,,,
2026-06-15 14:39:18,deployment,reviews-v3,16,89,1,,,
2026-06-15 14:39:18,node,master,266,1632,,13.3,42.5,
2026-06-15 14:39:18,node,worker-1,85,1079,,4.2,28.1,
2026-06-15 14:39:18,node,worker-2,168,1351,,8.4,35.2,
2026-06-15 14:39:18,node,worker-3,54,733,,2.7,19.1,
2026-06-15 14:39:18,node,worker-4,197,1620,,9.8,42.2,
2026-06-15 14:39:24,deployment,details-v1,7,15,1,,,
2026-06-15 14:39:24,deployment,productpage-v1,46,273,1,,,
2026-06-15 14:39:24,http_p95_latency,productpage-v1,,,,,,65.3
2026-06-15 14:39:24,deployment,ratings-v1,2,14,1,,,
2026-06-15 14:39:24,deployment,reviews-v1,5,89,1,,,
2026-06-15 14:39:24,deployment,reviews-v2,14,89,1,,,
2026-06-15 14:39:24,deployment,reviews-v3,16,89,1,,,
2026-06-15 14:39:24,node,master,266,1632,,13.3,42.5,
2026-06-15 14:39:24,node,worker-1,85,1079,,4.2,28.1,
2026-06-15 14:39:24,node,worker-2,168,1351,,8.4,35.2,
2026-06-15 14:39:24,node,worker-3,54,733,,2.7,19.1,
2026-06-15 14:39:24,node,worker-4,197,1620,,9.8,42.2,
2026-06-15 14:39:30,deployment,details-v1,7,15,1,,,
2026-06-15 14:39:30,deployment,productpage-v1,46,273,1,,,
2026-06-15 14:39:30,http_p95_latency,productpage-v1,,,,,,65.3
2026-06-15 14:39:30,deployment,ratings-v1,2,14,1,,,
2026-06-15 14:39:30,deployment,reviews-v1,5,89,1,,,
2026-06-15 14:39:30,deployment,reviews-v2,14,89,1,,,
2026-06-15 14:39:30,deployment,reviews-v3,16,89,1,,,
2026-06-15 14:39:30,node,master,266,1632,,13.3,42.5,
2026-06-15 14:39:30,node,worker-1,85,1079,,4.2,28.1,
2026-06-15 14:39:30,node,worker-2,168,1351,,8.4,35.2,
2026-06-15 14:39:30,node,worker-3,54,733,,2.7,19.1,
2026-06-15 14:39:30,node,worker-4,197,1620,,9.8,42.2,
2026-06-15 14:39:36,deployment,details-v1,6,15,1,,,
2026-06-15 14:39:36,deployment,productpage-v1,44,274,1,,,
2026-06-15 14:39:36,http_p95_latency,productpage-v1,,,,,,65.3
2026-06-15 14:39:36,deployment,ratings-v1,1,14,1,,,
2026-06-15 14:39:36,deployment,reviews-v1,7,89,1,,,
2026-06-15 14:39:36,deployment,reviews-v2,46,89,1,,,
2026-06-15 14:39:36,deployment,reviews-v3,15,88,1,,,
2026-06-15 14:39:36,node,master,181,1633,,9.0,42.5,
2026-06-15 14:39:36,node,worker-1,86,1080,,4.3,28.1,
2026-06-15 14:39:36,node,worker-2,154,1351,,7.7,35.2,
2026-06-15 14:39:36,node,worker-3,52,726,,2.6,18.9,
2026-06-15 14:39:36,node,worker-4,156,1656,,7.8,43.1,
2026-06-15 14:39:42,deployment,details-v1,6,15,1,,,
2026-06-15 14:39:42,deployment,productpage-v1,44,274,1,,,
2026-06-15 14:39:42,http_p95_latency,productpage-v1,,,,,,63.2
2026-06-15 14:39:42,deployment,ratings-v1,1,14,1,,,
2026-06-15 14:39:42,deployment,reviews-v1,7,89,1,,,
2026-06-15 14:39:42,deployment,reviews-v2,46,89,1,,,
2026-06-15 14:39:42,deployment,reviews-v3,15,88,1,,,
2026-06-15 14:39:42,node,master,181,1633,,9.0,42.5,
2026-06-15 14:39:42,node,worker-1,86,1080,,4.3,28.1,
2026-06-15 14:39:42,node,worker-2,154,1351,,7.7,35.2,
2026-06-15 14:39:42,node,worker-3,52,726,,2.6,18.9,
2026-06-15 14:39:42,node,worker-4,156,1656,,7.8,43.1,
2026-06-15 14:39:47,deployment,details-v1,6,15,1,,,
2026-06-15 14:39:47,deployment,productpage-v1,43,274,1,,,
2026-06-15 14:39:47,http_p95_latency,productpage-v1,,,,,,63.2
2026-06-15 14:39:47,deployment,ratings-v1,1,14,1,,,
2026-06-15 14:39:47,deployment,reviews-v1,4,89,1,,,
2026-06-15 14:39:47,deployment,reviews-v2,12,91,1,,,
2026-06-15 14:39:47,deployment,reviews-v3,12,88,1,,,
2026-06-15 14:39:47,node,master,184,1632,,9.2,42.5,
2026-06-15 14:39:47,node,worker-1,80,1079,,4.0,28.1,
2026-06-15 14:39:47,node,worker-2,128,1354,,6.4,35.3,
2026-06-15 14:39:47,node,worker-3,52,727,,2.6,18.9,
2026-06-15 14:39:47,node,worker-4,190,1649,,9.5,43.0,
2026-06-15 14:39:53,deployment,details-v1,6,15,1,,,
2026-06-15 14:39:53,deployment,productpage-v1,43,274,1,,,
2026-06-15 14:39:53,http_p95_latency,productpage-v1,,,,,,49.0
2026-06-15 14:39:53,deployment,ratings-v1,1,14,1,,,
2026-06-15 14:39:53,deployment,reviews-v1,4,89,1,,,
2026-06-15 14:39:53,deployment,reviews-v2,12,91,1,,,
2026-06-15 14:39:53,deployment,reviews-v3,12,88,1,,,
2026-06-15 14:39:53,node,master,184,1632,,9.2,42.5,
2026-06-15 14:39:53,node,worker-1,80,1079,,4.0,28.1,
2026-06-15 14:39:53,node,worker-2,128,1354,,6.4,35.3,
2026-06-15 14:39:53,node,worker-3,52,727,,2.6,18.9,
2026-06-15 14:39:53,node,worker-4,190,1649,,9.5,43.0,
2026-06-15 14:40:00,deployment,details-v1,6,15,1,,,
2026-06-15 14:40:00,deployment,productpage-v1,43,274,1,,,
2026-06-15 14:40:00,http_p95_latency,productpage-v1,,,,,,49.0
2026-06-15 14:40:00,deployment,ratings-v1,1,14,1,,,
2026-06-15 14:40:00,deployment,reviews-v1,4,89,1,,,
2026-06-15 14:40:00,deployment,reviews-v2,12,91,1,,,
2026-06-15 14:40:00,deployment,reviews-v3,12,88,1,,,
2026-06-15 14:40:00,node,master,184,1632,,9.2,42.5,
2026-06-15 14:40:00,node,worker-1,80,1079,,4.0,28.1,
2026-06-15 14:40:00,node,worker-2,128,1354,,6.4,35.3,
2026-06-15 14:40:00,node,worker-3,52,727,,2.6,18.9,
2026-06-15 14:40:00,node,worker-4,190,1649,,9.5,43.0,
2026-06-15 14:40:06,deployment,details-v1,6,15,1,,,
2026-06-15 14:40:06,deployment,productpage-v1,46,274,1,,,
2026-06-15 14:40:06,http_p95_latency,productpage-v1,,,,,,49.0
2026-06-15 14:40:06,deployment,ratings-v1,1,14,1,,,
2026-06-15 14:40:06,deployment,reviews-v1,9,89,1,,,
2026-06-15 14:40:06,deployment,reviews-v2,9,91,1,,,
2026-06-15 14:40:06,deployment,reviews-v3,15,88,1,,,
2026-06-15 14:40:06,node,master,282,1634,,14.1,42.6,
2026-06-15 14:40:06,node,worker-1,100,1080,,5.0,28.1,
2026-06-15 14:40:06,node,worker-2,159,1352,,8.0,35.2,
2026-06-15 14:40:06,node,worker-3,44,726,,2.2,18.9,
2026-06-15 14:40:06,node,worker-4,148,1649,,7.4,43.0,
2026-06-15 14:40:12,deployment,details-v1,6,15,1,,,
2026-06-15 14:40:12,deployment,productpage-v1,46,274,1,,,
2026-06-15 14:40:12,http_p95_latency,productpage-v1,,,,,,60.7
2026-06-15 14:40:12,deployment,ratings-v1,1,14,1,,,
2026-06-15 14:40:12,deployment,reviews-v1,9,89,1,,,
2026-06-15 14:40:12,deployment,reviews-v2,9,91,1,,,
2026-06-15 14:40:12,deployment,reviews-v3,15,88,1,,,
2026-06-15 14:40:12,node,master,282,1634,,14.1,42.6,
2026-06-15 14:40:12,node,worker-1,100,1080,,5.0,28.1,
2026-06-15 14:40:12,node,worker-2,159,1352,,8.0,35.2,
2026-06-15 14:40:12,node,worker-3,44,726,,2.2,18.9,
2026-06-15 14:40:12,node,worker-4,148,1649,,7.4,43.0,
2026-06-15 14:40:18,deployment,details-v1,6,15,1,,,
2026-06-15 14:40:18,deployment,productpage-v1,42,273,1,,,
2026-06-15 14:40:18,http_p95_latency,productpage-v1,,,,,,60.7
2026-06-15 14:40:18,deployment,ratings-v1,1,14,1,,,
2026-06-15 14:40:18,deployment,reviews-v1,7,89,1,,,
2026-06-15 14:40:18,deployment,reviews-v2,9,91,1,,,
2026-06-15 14:40:18,deployment,reviews-v3,12,89,1,,,
2026-06-15 14:40:18,node,master,213,1634,,10.7,42.6,
2026-06-15 14:40:18,node,worker-1,93,1082,,4.7,28.2,
2026-06-15 14:40:18,node,worker-2,137,1352,,6.9,35.2,
2026-06-15 14:40:18,node,worker-3,53,721,,2.6,18.8,
2026-06-15 14:40:18,node,worker-4,217,1658,,10.8,43.2,
2026-06-15 14:40:24,deployment,details-v1,6,15,1,,,
2026-06-15 14:40:24,deployment,productpage-v1,42,273,1,,,
2026-06-15 14:40:24,http_p95_latency,productpage-v1,,,,,,59.2
2026-06-15 14:40:24,deployment,ratings-v1,1,14,1,,,
2026-06-15 14:40:24,deployment,reviews-v1,7,89,1,,,
2026-06-15 14:40:24,deployment,reviews-v2,9,91,1,,,
2026-06-15 14:40:24,deployment,reviews-v3,12,89,1,,,
2026-06-15 14:40:24,node,master,213,1634,,10.7,42.6,
2026-06-15 14:40:24,node,worker-1,93,1082,,4.7,28.2,
2026-06-15 14:40:24,node,worker-2,137,1352,,6.9,35.2,
2026-06-15 14:40:24,node,worker-3,53,721,,2.6,18.8,
2026-06-15 14:40:24,node,worker-4,217,1658,,10.8,43.2,
2026-06-15 14:40:30,deployment,details-v1,6,15,1,,,
2026-06-15 14:40:30,deployment,productpage-v1,42,273,1,,,
2026-06-15 14:40:30,http_p95_latency,productpage-v1,,,,,,59.2
2026-06-15 14:40:30,deployment,ratings-v1,1,14,1,,,
2026-06-15 14:40:30,deployment,reviews-v1,7,89,1,,,
2026-06-15 14:40:30,deployment,reviews-v2,9,91,1,,,
2026-06-15 14:40:30,deployment,reviews-v3,12,89,1,,,
2026-06-15 14:40:30,node,master,213,1634,,10.7,42.6,
2026-06-15 14:40:30,node,worker-1,93,1082,,4.7,28.2,
2026-06-15 14:40:30,node,worker-2,137,1352,,6.9,35.2,
2026-06-15 14:40:30,node,worker-3,54,708,,2.7,18.4,
2026-06-15 14:40:30,node,worker-4,156,1702,,7.8,44.3,
2026-06-15 14:40:36,deployment,details-v1,6,15,1,,,
2026-06-15 14:40:36,deployment,productpage-v1,44,274,1,,,
2026-06-15 14:40:36,http_p95_latency,productpage-v1,,,,,,59.2
2026-06-15 14:40:36,deployment,ratings-v1,1,14,1,,,
2026-06-15 14:40:36,deployment,reviews-v1,7,89,1,,,
2026-06-15 14:40:36,deployment,reviews-v2,15,93,1,,,
2026-06-15 14:40:36,deployment,reviews-v3,22,90,1,,,
2026-06-15 14:40:36,node,master,216,1640,,10.8,42.7,
2026-06-15 14:40:36,node,worker-1,103,1083,,5.1,28.2,
2026-06-15 14:40:36,node,worker-2,145,1352,,7.2,35.2,
2026-06-15 14:40:36,node,worker-3,54,708,,2.7,18.4,
2026-06-15 14:40:36,node,worker-4,156,1702,,7.8,44.3,
2026-06-15 14:40:43,deployment,details-v1,6,15,1,,,
2026-06-15 14:40:43,deployment,productpage-v1,44,274,1,,,
2026-06-15 14:40:43,http_p95_latency,productpage-v1,,,,,,59.2
2026-06-15 14:40:43,deployment,ratings-v1,1,14,1,,,
2026-06-15 14:40:43,deployment,reviews-v1,7,89,1,,,
2026-06-15 14:40:43,deployment,reviews-v2,15,93,1,,,
2026-06-15 14:40:43,deployment,reviews-v3,22,90,1,,,
2026-06-15 14:40:43,node,master,216,1640,,10.8,42.7,
2026-06-15 14:40:43,node,worker-1,103,1083,,5.1,28.2,
2026-06-15 14:40:43,node,worker-2,145,1352,,7.2,35.2,
2026-06-15 14:40:43,node,worker-3,54,708,,2.7,18.4,
2026-06-15 14:40:43,node,worker-4,156,1702,,7.8,44.3,
2026-06-15 14:40:50,deployment,details-v1,7,15,1,,,
2026-06-15 14:40:50,deployment,productpage-v1,44,274,1,,,
2026-06-15 14:40:50,http_p95_latency,productpage-v1,,,,,,59.2
2026-06-15 14:40:50,deployment,ratings-v1,1,14,1,,,
2026-06-15 14:40:50,deployment,reviews-v1,5,89,1,,,
2026-06-15 14:40:50,deployment,reviews-v2,49,93,1,,,
2026-06-15 14:40:50,deployment,reviews-v3,18,93,1,,,
2026-06-15 14:40:50,node,master,189,1592,,9.4,41.5,
2026-06-15 14:40:50,node,worker-1,134,1082,,6.7,28.2,
2026-06-15 14:40:50,node,worker-2,172,1353,,8.6,35.2,
2026-06-15 14:40:50,node,worker-3,50,709,,2.5,18.5,
2026-06-15 14:40:50,node,worker-4,191,1704,,9.6,44.4,
2026-06-15 14:40:57,deployment,details-v1,7,15,1,,,
2026-06-15 14:40:57,deployment,productpage-v1,44,274,1,,,
2026-06-15 14:40:57,http_p95_latency,productpage-v1,,,,,,59.4
2026-06-15 14:40:57,deployment,ratings-v1,1,14,1,,,
2026-06-15 14:40:57,deployment,reviews-v1,5,89,1,,,
2026-06-15 14:40:57,deployment,reviews-v2,49,93,1,,,
2026-06-15 14:40:57,deployment,reviews-v3,18,93,1,,,
2026-06-15 14:40:57,node,master,189,1592,,9.4,41.5,
2026-06-15 14:40:57,node,worker-1,134,1082,,6.7,28.2,
2026-06-15 14:40:57,node,worker-2,172,1353,,8.6,35.2,
2026-06-15 14:40:57,node,worker-3,50,709,,2.5,18.5,
2026-06-15 14:40:57,node,worker-4,191,1704,,9.6,44.4,
2026-06-15 14:41:03,deployment,details-v1,7,15,1,,,
2026-06-15 14:41:03,deployment,productpage-v1,47,274,1,,,
2026-06-15 14:41:03,http_p95_latency,productpage-v1,,,,,,59.4
2026-06-15 14:41:03,deployment,ratings-v1,1,14,1,,,
2026-06-15 14:41:03,deployment,reviews-v1,32,87,1,,,
2026-06-15 14:41:03,deployment,reviews-v2,13,95,1,,,
2026-06-15 14:41:03,deployment,reviews-v3,17,93,1,,,
2026-06-15 14:41:03,node,master,172,1592,,8.6,41.5,
2026-06-15 14:41:03,node,worker-1,120,1079,,6.0,28.1,
2026-06-15 14:41:03,node,worker-2,159,1349,,8.0,35.1,
2026-06-15 14:41:03,node,worker-3,46,709,,2.3,18.5,
2026-06-15 14:41:03,node,worker-4,150,1637,,7.5,42.6,
2026-06-15 14:41:10,deployment,details-v1,7,15,1,,,
2026-06-15 14:41:10,deployment,productpage-v1,47,274,1,,,
2026-06-15 14:41:10,http_p95_latency,productpage-v1,,,,,,69.4
2026-06-15 14:41:10,deployment,ratings-v1,1,14,1,,,
2026-06-15 14:41:10,deployment,reviews-v1,32,87,1,,,
2026-06-15 14:41:10,deployment,reviews-v2,13,95,1,,,
2026-06-15 14:41:10,deployment,reviews-v3,17,93,1,,,
2026-06-15 14:41:10,node,master,172,1592,,8.6,41.5,
2026-06-15 14:41:10,node,worker-1,120,1079,,6.0,28.1,
2026-06-15 14:41:10,node,worker-2,159,1349,,8.0,35.1,
2026-06-15 14:41:10,node,worker-3,46,709,,2.3,18.5,
2026-06-15 14:41:10,node,worker-4,150,1637,,7.5,42.6,
2026-06-15 14:41:15,deployment,details-v1,7,15,1,,,
2026-06-15 14:41:15,deployment,productpage-v1,47,274,1,,,
2026-06-15 14:41:15,http_p95_latency,productpage-v1,,,,,,69.4
2026-06-15 14:41:15,deployment,ratings-v1,1,14,1,,,
2026-06-15 14:41:15,deployment,reviews-v1,32,87,1,,,
2026-06-15 14:41:15,deployment,reviews-v2,13,95,1,,,
2026-06-15 14:41:15,deployment,reviews-v3,17,93,1,,,
2026-06-15 14:41:15,node,master,172,1592,,8.6,41.5,
2026-06-15 14:41:15,node,worker-1,120,1079,,6.0,28.1,
2026-06-15 14:41:15,node,worker-2,159,1349,,8.0,35.1,
2026-06-15 14:41:15,node,worker-3,46,709,,2.3,18.5,
2026-06-15 14:41:15,node,worker-4,150,1637,,7.5,42.6,
2026-06-15 14:41:21,deployment,details-v1,7,15,1,,,
2026-06-15 14:41:21,deployment,productpage-v1,45,274,1,,,
2026-06-15 14:41:21,http_p95_latency,productpage-v1,,,,,,69.4
2026-06-15 14:41:21,deployment,ratings-v1,1,14,1,,,
2026-06-15 14:41:21,deployment,reviews-v1,11,87,1,,,
2026-06-15 14:41:21,deployment,reviews-v2,15,93,1,,,
2026-06-15 14:41:21,deployment,reviews-v3,10,93,1,,,
2026-06-15 14:41:21,node,master,187,1592,,9.3,41.5,
2026-06-15 14:41:21,node,worker-1,102,1079,,5.1,28.1,
2026-06-15 14:41:21,node,worker-2,139,1349,,7.0,35.1,
2026-06-15 14:41:21,node,worker-3,60,706,,3.0,18.4,
2026-06-15 14:41:21,node,worker-4,184,1640,,9.2,42.7,
2026-06-15 14:41:27,deployment,details-v1,7,15,1,,,
2026-06-15 14:41:27,deployment,productpage-v1,45,274,1,,,
2026-06-15 14:41:27,http_p95_latency,productpage-v1,,,,,,64.1
2026-06-15 14:41:27,deployment,ratings-v1,1,14,1,,,
2026-06-15 14:41:27,deployment,reviews-v1,11,87,1,,,
2026-06-15 14:41:27,deployment,reviews-v2,15,93,1,,,
2026-06-15 14:41:27,deployment,reviews-v3,10,93,1,,,
2026-06-15 14:41:27,node,master,187,1592,,9.3,41.5,
2026-06-15 14:41:27,node,worker-1,102,1079,,5.1,28.1,
2026-06-15 14:41:27,node,worker-2,139,1349,,7.0,35.1,
2026-06-15 14:41:27,node,worker-3,60,706,,3.0,18.4,
2026-06-15 14:41:27,node,worker-4,184,1640,,9.2,42.7,
2026-06-15 14:41:34,deployment,details-v1,6,15,1,,,
2026-06-15 14:41:34,deployment,productpage-v1,46,274,1,,,
2026-06-15 14:41:34,http_p95_latency,productpage-v1,,,,,,64.1
2026-06-15 14:41:34,deployment,ratings-v1,1,14,1,,,
2026-06-15 14:41:34,deployment,reviews-v1,6,87,1,,,
2026-06-15 14:41:34,deployment,reviews-v2,3,93,1,,,
2026-06-15 14:41:34,deployment,reviews-v3,8,92,1,,,
2026-06-15 14:41:34,node,master,249,1595,,12.4,41.5,
2026-06-15 14:41:34,node,worker-1,97,1077,,4.9,28.1,
2026-06-15 14:41:34,node,worker-2,148,1350,,7.4,35.2,
2026-06-15 14:41:34,node,worker-3,54,706,,2.7,18.4,
2026-06-15 14:41:34,node,worker-4,165,1683,,8.2,43.8,
2026-06-15 14:41:40,deployment,details-v1,6,15,1,,,
2026-06-15 14:41:40,deployment,productpage-v1,46,274,1,,,
2026-06-15 14:41:40,http_p95_latency,productpage-v1,,,,,,63.2
2026-06-15 14:41:40,deployment,ratings-v1,1,14,1,,,
2026-06-15 14:41:40,deployment,reviews-v1,6,87,1,,,
2026-06-15 14:41:40,deployment,reviews-v2,3,93,1,,,
2026-06-15 14:41:40,deployment,reviews-v3,8,92,1,,,
2026-06-15 14:41:40,node,master,249,1595,,12.4,41.5,
2026-06-15 14:41:40,node,worker-1,97,1077,,4.9,28.1,
2026-06-15 14:41:40,node,worker-2,148,1350,,7.4,35.2,
2026-06-15 14:41:40,node,worker-3,54,706,,2.7,18.4,
2026-06-15 14:41:40,node,worker-4,165,1683,,8.2,43.8,
2026-06-15 14:41:46,deployment,details-v1,6,15,1,,,
2026-06-15 14:41:46,deployment,productpage-v1,46,274,1,,,
2026-06-15 14:41:46,http_p95_latency,productpage-v1,,,,,,63.2
2026-06-15 14:41:46,deployment,ratings-v1,1,14,1,,,
2026-06-15 14:41:46,deployment,reviews-v1,6,87,1,,,
2026-06-15 14:41:46,deployment,reviews-v2,3,93,1,,,
2026-06-15 14:41:46,deployment,reviews-v3,8,92,1,,,
2026-06-15 14:41:46,node,master,249,1595,,8.6,41.5,
2026-06-15 14:41:46,node,worker-1,75,1078,,3.8,28.1,
2026-06-15 14:41:46,node,worker-2,118,1351,,5.9,35.2,
2026-06-15 14:41:46,node,worker-3,48,707,,2.4,18.4,
2026-06-15 14:41:46,node,worker-4,92,1684,,4.6,43.9,
2026-06-15 14:41:51,deployment,details-v1,6,15,1,,,
2026-06-15 14:41:51,deployment,productpage-v1,42,274,1,,,
2026-06-15 14:41:51,http_p95_latency,productpage-v1,,,,,,63.2
2026-06-15 14:41:51,deployment,ratings-v1,1,14,1,,,
2026-06-15 14:41:51,deployment,reviews-v1,6,87,1,,,
2026-06-15 14:41:51,deployment,reviews-v2,13,93,1,,,
2026-06-15 14:41:51,deployment,reviews-v3,8,92,1,,,
2026-06-15 14:41:51,node,master,171,1593,,8.6,41.5,
2026-06-15 14:41:51,node,worker-1,75,1078,,3.8,28.1,
2026-06-15 14:41:51,node,worker-2,118,1351,,5.9,35.2,
2026-06-15 14:41:51,node,worker-3,48,707,,2.4,18.4,
2026-06-15 14:41:51,node,worker-4,92,1684,,4.6,43.9,
2026-06-15 14:41:57,deployment,details-v1,6,15,1,,,
2026-06-15 14:41:57,deployment,productpage-v1,42,274,1,,,
2026-06-15 14:41:57,http_p95_latency,productpage-v1,,,,,,47.6
2026-06-15 14:41:57,deployment,ratings-v1,1,14,1,,,
2026-06-15 14:41:57,deployment,reviews-v1,6,87,1,,,
2026-06-15 14:41:57,deployment,reviews-v2,13,93,1,,,
2026-06-15 14:41:57,deployment,reviews-v3,8,92,1,,,
2026-06-15 14:41:57,node,master,171,1593,,8.6,41.5,
2026-06-15 14:41:57,node,worker-1,75,1078,,3.8,28.1,
2026-06-15 14:41:57,node,worker-2,118,1351,,5.9,35.2,
2026-06-15 14:41:57,node,worker-3,48,707,,2.4,18.4,
2026-06-15 14:41:57,node,worker-4,92,1684,,4.6,43.9,
2026-06-15 14:42:03,deployment,details-v1,6,15,1,,,
2026-06-15 14:42:03,deployment,productpage-v1,44,274,1,,,
2026-06-15 14:42:03,http_p95_latency,productpage-v1,,,,,,47.6
2026-06-15 14:42:03,deployment,ratings-v1,1,14,1,,,
2026-06-15 14:42:03,deployment,reviews-v1,6,87,1,,,
2026-06-15 14:42:03,deployment,reviews-v2,10,93,1,,,
2026-06-15 14:42:03,deployment,reviews-v3,8,92,1,,,
2026-06-15 14:42:03,node,master,174,1595,,8.7,41.5,
2026-06-15 14:42:03,node,worker-1,97,1079,,4.9,28.1,
2026-06-15 14:42:03,node,worker-2,159,1351,,8.0,35.2,
2026-06-15 14:42:03,node,worker-3,52,705,,2.6,18.4,
2026-06-15 14:42:03,node,worker-4,194,1684,,9.7,43.9,
2026-06-15 14:42:09,deployment,details-v1,6,15,1,,,
2026-06-15 14:42:09,deployment,productpage-v1,44,274,1,,,
2026-06-15 14:42:09,http_p95_latency,productpage-v1,,,,,,63.8
2026-06-15 14:42:09,deployment,ratings-v1,1,14,1,,,
2026-06-15 14:42:09,deployment,reviews-v1,6,87,1,,,
2026-06-15 14:42:09,deployment,reviews-v2,10,93,1,,,
2026-06-15 14:42:09,deployment,reviews-v3,8,92,1,,,
2026-06-15 14:42:09,node,master,174,1595,,8.7,41.5,
2026-06-15 14:42:09,node,worker-1,97,1079,,4.9,28.1,
2026-06-15 14:42:09,node,worker-2,159,1351,,8.0,35.2,
2026-06-15 14:42:09,node,worker-3,52,705,,2.6,18.4,
2026-06-15 14:42:09,node,worker-4,194,1684,,9.7,43.9,
2026-06-15 14:42:15,deployment,details-v1,7,15,1,,,
2026-06-15 14:42:15,deployment,productpage-v1,47,274,1,,,
2026-06-15 14:42:15,http_p95_latency,productpage-v1,,,,,,63.8
2026-06-15 14:42:15,deployment,ratings-v1,1,14,1,,,
2026-06-15 14:42:15,deployment,reviews-v1,10,87,1,,,
2026-06-15 14:42:15,deployment,reviews-v2,18,93,1,,,
2026-06-15 14:42:15,deployment,reviews-v3,8,92,1,,,
2026-06-15 14:42:15,node,master,207,1598,,10.3,41.6,
2026-06-15 14:42:15,node,worker-1,103,1078,,5.1,28.1,
2026-06-15 14:42:15,node,worker-2,146,1353,,7.3,35.2,
2026-06-15 14:42:15,node,worker-3,67,705,,3.4,18.4,
2026-06-15 14:42:15,node,worker-4,134,1685,,6.7,43.9,
2026-06-15 14:42:22,deployment,details-v1,7,15,1,,,
2026-06-15 14:42:22,deployment,productpage-v1,47,274,1,,,
2026-06-15 14:42:22,http_p95_latency,productpage-v1,,,,,,48.2
2026-06-15 14:42:22,deployment,ratings-v1,1,14,1,,,
2026-06-15 14:42:22,deployment,reviews-v1,10,87,1,,,
2026-06-15 14:42:22,deployment,reviews-v2,18,93,1,,,
2026-06-15 14:42:22,deployment,reviews-v3,8,92,1,,,
2026-06-15 14:42:22,node,master,207,1598,,10.3,41.6,
2026-06-15 14:42:22,node,worker-1,103,1078,,5.1,28.1,
2026-06-15 14:42:22,node,worker-2,146,1353,,7.3,35.2,
2026-06-15 14:42:22,node,worker-3,67,705,,3.4,18.4,
2026-06-15 14:42:22,node,worker-4,134,1685,,6.7,43.9,
2026-06-15 14:42:28,deployment,details-v1,7,15,1,,,
2026-06-15 14:42:28,deployment,productpage-v1,47,274,1,,,
2026-06-15 14:42:28,http_p95_latency,productpage-v1,,,,,,48.2
2026-06-15 14:42:28,deployment,ratings-v1,1,14,1,,,
2026-06-15 14:42:28,deployment,reviews-v1,10,87,1,,,
2026-06-15 14:42:28,deployment,reviews-v2,18,93,1,,,
2026-06-15 14:42:28,deployment,reviews-v3,8,92,1,,,
2026-06-15 14:42:28,node,master,207,1598,,10.3,41.6,
2026-06-15 14:42:28,node,worker-1,103,1078,,5.1,28.1,
2026-06-15 14:42:28,node,worker-2,146,1353,,7.3,35.2,
2026-06-15 14:42:28,node,worker-3,67,705,,3.4,18.4,
2026-06-15 14:42:28,node,worker-4,134,1685,,6.7,43.9,
2026-06-15 14:42:34,deployment,details-v1,7,15,1,,,
2026-06-15 14:42:34,deployment,productpage-v1,47,274,1,,,
2026-06-15 14:42:34,http_p95_latency,productpage-v1,,,,,,48.2
2026-06-15 14:42:34,deployment,ratings-v1,2,14,1,,,
2026-06-15 14:42:34,deployment,reviews-v1,7,87,1,,,
2026-06-15 14:42:34,deployment,reviews-v2,22,93,2,,,
2026-06-15 14:42:34,deployment,reviews-v3,31,93,1,,,
2026-06-15 14:42:34,node,master,182,1601,,9.1,41.7,
2026-06-15 14:42:34,node,worker-1,71,1079,,3.5,28.1,
2026-06-15 14:42:34,node,worker-2,153,1352,,7.6,35.2,
2026-06-15 14:42:34,node,worker-3,55,705,,2.8,18.4,
2026-06-15 14:42:34,node,worker-4,215,1665,,10.8,43.4,
2026-06-15 14:42:41,deployment,details-v1,7,15,1,,,
2026-06-15 14:42:41,deployment,productpage-v1,47,274,1,,,
2026-06-15 14:42:41,http_p95_latency,productpage-v1,,,,,,49.8
2026-06-15 14:42:41,deployment,ratings-v1,0,0,1,,,
2026-06-15 14:42:41,deployment,reviews-v1,7,87,2,,,
2026-06-15 14:42:41,deployment,reviews-v2,0,0,1,,,
2026-06-15 14:42:41,deployment,reviews-v3,31,93,2,,,
2026-06-15 14:42:41,node,master,182,1601,,9.1,41.7,
2026-06-15 14:42:41,node,worker-1,71,1079,,3.5,28.1,
2026-06-15 14:42:41,node,worker-2,153,1352,,7.6,35.2,
2026-06-15 14:42:41,node,worker-3,55,705,,2.8,18.4,
2026-06-15 14:42:41,node,worker-4,215,1665,,10.8,43.4,
2026-06-15 14:42:47,deployment,details-v1,0,0,1,,,
2026-06-15 14:42:47,deployment,productpage-v1,0,0,1,,,
2026-06-15 14:42:47,http_p95_latency,productpage-v1,,,,,,49.8
2026-06-15 14:42:47,deployment,ratings-v1,0,0,1,,,
2026-06-15 14:42:47,deployment,reviews-v1,0,0,1,,,
2026-06-15 14:42:47,deployment,reviews-v2,199,40,1,,,
2026-06-15 14:42:47,deployment,reviews-v3,0,0,1,,,
2026-06-15 14:42:47,node,master,1080,1736,,54.0,45.2,
2026-06-15 14:42:47,node,worker-1,199,1103,,10.0,28.7,
2026-06-15 14:42:47,node,worker-2,606,1378,,30.3,35.9,
2026-06-15 14:42:47,node,worker-3,102,722,,5.1,18.8,
2026-06-15 14:42:47,node,worker-4,1059,1697,,52.9,44.2,
2026-06-15 14:42:53,deployment,details-v1,0,0,1,,,
2026-06-15 14:42:53,deployment,productpage-v1,0,0,1,,,
2026-06-15 14:42:53,http_p95_latency,productpage-v1,,,,,,50.0
2026-06-15 14:42:53,deployment,ratings-v1,0,0,1,,,
2026-06-15 14:42:53,deployment,reviews-v1,0,0,1,,,
2026-06-15 14:42:53,deployment,reviews-v2,199,40,1,,,
2026-06-15 14:42:53,deployment,reviews-v3,0,0,1,,,
2026-06-15 14:42:53,node,master,1080,1736,,54.0,45.2,
2026-06-15 14:42:53,node,worker-1,199,1103,,10.0,28.7,
2026-06-15 14:42:53,node,worker-2,606,1378,,30.3,35.9,
2026-06-15 14:42:53,node,worker-3,102,722,,5.1,18.8,
2026-06-15 14:42:53,node,worker-4,1059,1697,,52.9,44.2,
2026-06-15 14:42:59,deployment,details-v1,0,0,1,,,
2026-06-15 14:42:59,deployment,productpage-v1,0,0,1,,,
2026-06-15 14:42:59,http_p95_latency,productpage-v1,,,,,,50.0
2026-06-15 14:42:59,deployment,ratings-v1,0,0,1,,,
2026-06-15 14:42:59,deployment,reviews-v1,0,0,1,,,
2026-06-15 14:42:59,deployment,reviews-v2,199,40,1,,,
2026-06-15 14:42:59,deployment,reviews-v3,0,0,1,,,
2026-06-15 14:42:59,node,master,1080,1736,,54.0,45.2,
2026-06-15 14:42:59,node,worker-1,199,1103,,10.0,28.7,
2026-06-15 14:42:59,node,worker-2,606,1378,,30.3,35.9,
2026-06-15 14:42:59,node,worker-3,102,722,,5.1,18.8,
2026-06-15 14:42:59,node,worker-4,1059,1697,,52.9,44.2,
2026-06-15 14:43:05,deployment,details-v1,3,13,1,,,
2026-06-15 14:43:05,deployment,productpage-v1,289,264,1,,,
2026-06-15 14:43:05,http_p95_latency,productpage-v1,,,,,,50.0
2026-06-15 14:43:05,deployment,ratings-v1,7,8,1,,,
2026-06-15 14:43:05,deployment,reviews-v1,199,53,1,,,
2026-06-15 14:43:05,deployment,reviews-v2,195,45,1,,,
2026-06-15 14:43:05,deployment,reviews-v3,198,51,1,,,
2026-06-15 14:43:05,node,master,656,1901,,32.8,49.5,
2026-06-15 14:43:05,node,worker-1,466,965,,23.3,25.1,
2026-06-15 14:43:05,node,worker-2,328,983,,16.4,25.6,
2026-06-15 14:43:05,node,worker-3,149,732,,7.4,19.1,
2026-06-15 14:43:05,node,worker-4,634,1798,,31.7,46.8,
2026-06-15 14:43:12,deployment,details-v1,3,13,1,,,
2026-06-15 14:43:12,deployment,productpage-v1,289,264,1,,,
2026-06-15 14:43:12,http_p95_latency,productpage-v1,,,,,,173.8
2026-06-15 14:43:12,deployment,ratings-v1,7,8,1,,,
2026-06-15 14:43:12,deployment,reviews-v1,199,53,1,,,
2026-06-15 14:43:12,deployment,reviews-v2,195,45,1,,,
2026-06-15 14:43:12,deployment,reviews-v3,198,51,1,,,
2026-06-15 14:43:12,node,master,656,1901,,32.8,49.5,
2026-06-15 14:43:12,node,worker-1,466,965,,23.3,25.1,
2026-06-15 14:43:12,node,worker-2,328,983,,16.4,25.6,
2026-06-15 14:43:12,node,worker-3,149,732,,7.4,19.1,
2026-06-15 14:43:12,node,worker-4,634,1798,,31.7,46.8,
2026-06-15 14:43:18,deployment,details-v1,6,14,1,,,
2026-06-15 14:43:18,deployment,productpage-v1,47,268,1,,,
2026-06-15 14:43:18,http_p95_latency,productpage-v1,,,,,,182.3
2026-06-15 14:43:18,deployment,ratings-v1,0,8,1,,,
2026-06-15 14:43:18,deployment,reviews-v1,199,53,1,,,
2026-06-15 14:43:18,deployment,reviews-v2,199,69,1,,,
2026-06-15 14:43:18,deployment,reviews-v3,199,77,1,,,
2026-06-15 14:43:18,node,master,319,1914,,16.0,49.9,
2026-06-15 14:43:18,node,worker-1,230,987,,11.5,25.7,
2026-06-15 14:43:18,node,worker-2,72,985,,3.6,25.7,
2026-06-15 14:43:18,node,worker-3,52,734,,2.6,19.1,
2026-06-15 14:43:18,node,worker-4,452,1833,,22.6,47.7,
2026-06-15 14:43:23,deployment,details-v1,6,14,1,,,
2026-06-15 14:43:23,deployment,productpage-v1,47,268,1,,,
2026-06-15 14:43:23,http_p95_latency,productpage-v1,,,,,,1525.6
2026-06-15 14:43:23,deployment,ratings-v1,0,8,1,,,
2026-06-15 14:43:23,deployment,reviews-v1,199,53,1,,,
2026-06-15 14:43:23,deployment,reviews-v2,199,69,1,,,
2026-06-15 14:43:23,deployment,reviews-v3,199,77,1,,,
2026-06-15 14:43:23,node,master,319,1914,,16.0,49.9,
2026-06-15 14:43:23,node,worker-1,230,987,,11.5,25.7,
2026-06-15 14:43:23,node,worker-2,72,985,,3.6,25.7,
2026-06-15 14:43:23,node,worker-3,52,734,,2.6,19.1,
2026-06-15 14:43:23,node,worker-4,452,1833,,22.6,47.7,
2026-06-15 14:43:29,deployment,details-v1,6,14,1,,,
2026-06-15 14:43:29,deployment,productpage-v1,47,268,1,,,
2026-06-15 14:43:29,http_p95_latency,productpage-v1,,,,,,1612.2
2026-06-15 14:43:29,deployment,ratings-v1,0,8,1,,,
2026-06-15 14:43:29,deployment,reviews-v1,199,53,1,,,
2026-06-15 14:43:29,deployment,reviews-v2,199,69,1,,,
2026-06-15 14:43:29,deployment,reviews-v3,199,77,1,,,
2026-06-15 14:43:29,node,master,319,1914,,16.0,49.9,
2026-06-15 14:43:29,node,worker-1,230,987,,11.5,25.7,
2026-06-15 14:43:29,node,worker-2,72,985,,3.6,25.7,
2026-06-15 14:43:29,node,worker-3,52,734,,2.6,19.1,
2026-06-15 14:43:29,node,worker-4,452,1833,,22.6,47.7,
2026-06-15 14:43:34,deployment,details-v1,5,14,1,,,
2026-06-15 14:43:34,deployment,productpage-v1,47,268,1,,,
2026-06-15 14:43:34,http_p95_latency,productpage-v1,,,,,,1704.2
2026-06-15 14:43:34,deployment,ratings-v1,2,10,1,,,
2026-06-15 14:43:34,deployment,reviews-v1,130,81,1,,,
2026-06-15 14:43:34,deployment,reviews-v2,123,80,1,,,
2026-06-15 14:43:34,deployment,reviews-v3,89,80,1,,,
2026-06-15 14:43:34,node,master,242,1919,,12.1,50.0,
2026-06-15 14:43:34,node,worker-1,149,991,,7.4,25.8,
2026-06-15 14:43:34,node,worker-2,76,984,,3.8,25.6,
2026-06-15 14:43:34,node,worker-3,66,734,,3.3,19.1,
2026-06-15 14:43:34,node,worker-4,407,1914,,20.3,49.9,
2026-06-15 14:43:40,deployment,details-v1,5,14,1,,,
2026-06-15 14:43:40,deployment,productpage-v1,47,268,1,,,
2026-06-15 14:43:40,http_p95_latency,productpage-v1,,,,,,1992.4
2026-06-15 14:43:40,deployment,ratings-v1,2,10,1,,,
2026-06-15 14:43:40,deployment,reviews-v1,130,81,1,,,
2026-06-15 14:43:40,deployment,reviews-v2,123,80,1,,,
2026-06-15 14:43:40,deployment,reviews-v3,89,80,1,,,
2026-06-15 14:43:40,node,master,242,1919,,12.1,50.0,
2026-06-15 14:43:40,node,worker-1,149,991,,7.4,25.8,
2026-06-15 14:43:40,node,worker-2,76,984,,3.8,25.6,
2026-06-15 14:43:40,node,worker-3,66,734,,3.3,19.1,
2026-06-15 14:43:40,node,worker-4,407,1914,,20.3,49.9,
2026-06-15 14:43:46,deployment,details-v1,6,14,1,,,
2026-06-15 14:43:46,deployment,productpage-v1,42,270,1,,,
2026-06-15 14:43:46,http_p95_latency,productpage-v1,,,,,,2060.7
2026-06-15 14:43:46,deployment,ratings-v1,2,10,1,,,
2026-06-15 14:43:46,deployment,reviews-v1,17,81,1,,,
2026-06-15 14:43:46,deployment,reviews-v2,34,83,1,,,
2026-06-15 14:43:46,deployment,reviews-v3,89,80,1,,,
2026-06-15 14:43:46,node,master,246,1925,,12.3,50.1,
2026-06-15 14:43:46,node,worker-1,136,1005,,6.8,26.2,
2026-06-15 14:43:46,node,worker-2,76,986,,3.8,25.7,
2026-06-15 14:43:46,node,worker-3,49,736,,2.5,19.2,
2026-06-15 14:43:46,node,worker-4,175,1915,,8.8,49.9,
2026-06-15 14:43:53,deployment,details-v1,6,14,1,,,
2026-06-15 14:43:53,deployment,productpage-v1,42,270,1,,,
2026-06-15 14:43:53,http_p95_latency,productpage-v1,,,,,,247.4
2026-06-15 14:43:53,deployment,ratings-v1,2,10,1,,,
2026-06-15 14:43:53,deployment,reviews-v1,17,81,1,,,
2026-06-15 14:43:53,deployment,reviews-v2,34,83,1,,,
2026-06-15 14:43:53,deployment,reviews-v3,89,80,1,,,
2026-06-15 14:43:53,node,master,246,1925,,12.3,50.1,
2026-06-15 14:43:53,node,worker-1,136,1005,,6.8,26.2,
2026-06-15 14:43:53,node,worker-2,76,986,,3.8,25.7,
2026-06-15 14:43:53,node,worker-3,49,736,,2.5,19.2,
2026-06-15 14:43:53,node,worker-4,175,1915,,8.8,49.9,
2026-06-15 14:44:00,deployment,details-v1,6,14,1,,,
2026-06-15 14:44:00,deployment,productpage-v1,42,270,1,,,
2026-06-15 14:44:00,http_p95_latency,productpage-v1,,,,,,247.4
2026-06-15 14:44:00,deployment,ratings-v1,2,10,1,,,
2026-06-15 14:44:00,deployment,reviews-v1,17,81,1,,,
2026-06-15 14:44:00,deployment,reviews-v2,34,83,1,,,
2026-06-15 14:44:00,deployment,reviews-v3,89,80,1,,,
2026-06-15 14:44:00,node,master,246,1925,,12.3,50.1,
2026-06-15 14:44:00,node,worker-1,136,1005,,6.8,26.2,
2026-06-15 14:44:00,node,worker-2,76,986,,3.8,25.7,
2026-06-15 14:44:00,node,worker-3,49,736,,2.5,19.2,
2026-06-15 14:44:00,node,worker-4,175,1915,,8.8,49.9,
2026-06-15 14:44:06,deployment,details-v1,3,14,1,,,
2026-06-15 14:44:06,deployment,productpage-v1,23,270,1,,,
2026-06-15 14:44:06,http_p95_latency,productpage-v1,,,,,,247.4
2026-06-15 14:44:06,deployment,ratings-v1,3,10,1,,,
2026-06-15 14:44:06,deployment,reviews-v1,68,82,1,,,
2026-06-15 14:44:06,deployment,reviews-v2,82,83,1,,,
2026-06-15 14:44:06,deployment,reviews-v3,61,89,1,,,
2026-06-15 14:44:06,node,master,250,1929,,12.5,50.2,
2026-06-15 14:44:06,node,worker-1,100,997,,5.0,26.0,
2026-06-15 14:44:06,node,worker-2,50,985,,2.5,25.7,
2026-06-15 14:44:06,node,worker-3,41,737,,2.1,19.2,
2026-06-15 14:44:06,node,worker-4,248,1877,,12.4,48.9,
2026-06-15 14:44:14,deployment,details-v1,3,14,1,,,
2026-06-15 14:44:14,deployment,productpage-v1,23,270,1,,,
2026-06-15 14:44:14,http_p95_latency,productpage-v1,,,,,,198.8
2026-06-15 14:44:14,deployment,ratings-v1,3,10,1,,,
2026-06-15 14:44:14,deployment,reviews-v1,68,82,1,,,
2026-06-15 14:44:14,deployment,reviews-v2,82,83,1,,,
2026-06-15 14:44:14,deployment,reviews-v3,61,89,1,,,
2026-06-15 14:44:14,node,master,250,1929,,12.5,50.2,
2026-06-15 14:44:14,node,worker-1,100,997,,5.0,26.0,
2026-06-15 14:44:14,node,worker-2,50,985,,2.5,25.7,
2026-06-15 14:44:14,node,worker-3,41,737,,2.1,19.2,
2026-06-15 14:44:14,node,worker-4,248,1877,,12.4,48.9,
2026-06-15 14:44:20,deployment,details-v1,0,14,1,,,
2026-06-15 14:44:20,deployment,productpage-v1,1,270,1,,,
2026-06-15 14:44:20,http_p95_latency,productpage-v1,,,,,,198.8
2026-06-15 14:44:20,deployment,ratings-v1,0,10,1,,,
2026-06-15 14:44:20,deployment,reviews-v1,4,82,1,,,
2026-06-15 14:44:20,deployment,reviews-v2,11,83,1,,,
2026-06-15 14:44:20,deployment,reviews-v3,20,82,1,,,
2026-06-15 14:44:20,node,master,211,1934,,10.5,50.4,
2026-06-15 14:44:20,node,worker-1,78,999,,3.9,26.0,
2026-06-15 14:44:20,node,worker-2,75,990,,3.8,25.8,
2026-06-15 14:44:20,node,worker-3,44,738,,2.2,19.2,
2026-06-15 14:44:20,node,worker-4,215,1874,,10.8,48.8,
2026-06-15 14:44:26,deployment,details-v1,0,14,1,,,
2026-06-15 14:44:26,deployment,productpage-v1,1,270,1,,,
2026-06-15 14:44:26,http_p95_latency,productpage-v1,,,,,,177.7
2026-06-15 14:44:26,deployment,ratings-v1,0,10,1,,,
2026-06-15 14:44:26,deployment,reviews-v1,4,82,1,,,
2026-06-15 14:44:26,deployment,reviews-v2,11,83,1,,,
2026-06-15 14:44:26,deployment,reviews-v3,20,82,1,,,
2026-06-15 14:44:26,node,master,211,1934,,10.5,50.4,
2026-06-15 14:44:26,node,worker-1,78,999,,3.9,26.0,
2026-06-15 14:44:26,node,worker-2,75,990,,3.8,25.8,
2026-06-15 14:44:26,node,worker-3,44,738,,2.2,19.2,
2026-06-15 14:44:26,node,worker-4,215,1874,,10.8,48.8,
2026-06-15 14:44:32,deployment,details-v1,0,14,1,,,
2026-06-15 14:44:32,deployment,productpage-v1,1,270,1,,,
2026-06-15 14:44:32,http_p95_latency,productpage-v1,,,,,,177.7
2026-06-15 14:44:32,deployment,ratings-v1,0,10,1,,,
2026-06-15 14:44:32,deployment,reviews-v1,4,82,1,,,
2026-06-15 14:44:32,deployment,reviews-v2,4,82,1,,,
2026-06-15 14:44:32,deployment,reviews-v3,2,82,1,,,
2026-06-15 14:44:32,node,master,182,1937,,9.1,50.5,
2026-06-15 14:44:32,node,worker-1,45,998,,2.2,26.0,
2026-06-15 14:44:32,node,worker-2,43,988,,2.1,25.7,
2026-06-15 14:44:32,node,worker-3,52,737,,2.6,19.2,
2026-06-15 14:44:32,node,worker-4,186,1931,,9.3,50.3,
2026-06-15 14:44:37,deployment,details-v1,0,14,1,,,
2026-06-15 14:44:37,deployment,productpage-v1,1,270,1,,,
2026-06-15 14:44:37,http_p95_latency,productpage-v1,,,,,,0.0
2026-06-15 14:44:37,deployment,ratings-v1,0,10,1,,,
2026-06-15 14:44:37,deployment,reviews-v1,4,82,1,,,
2026-06-15 14:44:37,deployment,reviews-v2,4,82,1,,,
2026-06-15 14:44:37,deployment,reviews-v3,2,82,1,,,
2026-06-15 14:44:37,node,master,182,1937,,9.1,50.5,
2026-06-15 14:44:37,node,worker-1,45,998,,2.2,26.0,
2026-06-15 14:44:37,node,worker-2,43,988,,2.1,25.7,
2026-06-15 14:44:37,node,worker-3,52,737,,2.6,19.2,
2026-06-15 14:44:37,node,worker-4,186,1931,,9.3,50.3,
2026-06-15 14:44:45,deployment,details-v1,0,14,1,,,
2026-06-15 14:44:45,deployment,productpage-v1,1,270,1,,,
2026-06-15 14:44:45,http_p95_latency,productpage-v1,,,,,,0.0
2026-06-15 14:44:45,deployment,ratings-v1,0,10,1,,,
2026-06-15 14:44:45,deployment,reviews-v1,4,82,1,,,
2026-06-15 14:44:45,deployment,reviews-v2,4,82,1,,,
2026-06-15 14:44:45,deployment,reviews-v3,2,82,1,,,
2026-06-15 14:44:45,node,master,182,1937,,9.1,50.5,
2026-06-15 14:44:45,node,worker-1,45,998,,2.2,26.0,
2026-06-15 14:44:45,node,worker-2,43,988,,2.1,25.7,
2026-06-15 14:44:45,node,worker-3,52,737,,2.6,19.2,
2026-06-15 14:44:45,node,worker-4,186,1931,,9.3,50.3,
2026-06-15 14:44:51,deployment,details-v1,0,14,1,,,
2026-06-15 14:44:51,deployment,productpage-v1,1,270,1,,,
2026-06-15 14:44:51,http_p95_latency,productpage-v1,,,,,,0.0
2026-06-15 14:44:51,deployment,ratings-v1,0,10,1,,,
2026-06-15 14:44:51,deployment,reviews-v1,6,81,1,,,
2026-06-15 14:44:51,deployment,reviews-v2,6,87,1,,,
2026-06-15 14:44:51,deployment,reviews-v3,5,83,1,,,
2026-06-15 14:44:51,node,master,348,1819,,17.4,47.4,
2026-06-15 14:44:51,node,worker-1,206,858,,10.3,22.3,
2026-06-15 14:44:51,node,worker-2,162,851,,8.1,22.2,
2026-06-15 14:44:51,node,worker-3,81,737,,4.0,19.2,
2026-06-15 14:44:51,node,worker-4,189,1934,,9.4,50.4,
