Timestamp,Scope,Name,CPU_m,MEM_MiB,Pods,CPU_pct,MEM_pct
2026-05-30 15:05:39,deployment,adservice,5,80,1,,
2026-05-30 15:05:39,deployment,cartservice,6,30,1,,
2026-05-30 15:05:39,deployment,checkoutservice,3,15,1,,
2026-05-30 15:05:39,deployment,currencyservice,4,25,1,,
2026-05-30 15:05:39,deployment,emailservice,6,49,1,,
2026-05-30 15:05:39,deployment,frontend,0,6,1,,
2026-05-30 15:05:39,deployment,paymentservice,1,23,1,,
2026-05-30 15:05:39,deployment,productcatalogservice,2,15,2,,
2026-05-30 15:05:39,deployment,recommendationservice,7,48,1,,
2026-05-30 15:05:39,deployment,redis-cart,2,15,1,,
2026-05-30 15:05:39,deployment,shippingservice,4,14,1,,
2026-05-30 15:05:39,node,master,454,1210,,22.7,31.5
2026-05-30 15:05:39,node,worker,416,379,,20.8,9.9
2026-05-30 15:05:39,node,worker-1,416,379,,20.8,9.9
2026-05-30 15:05:39,node,worker-2,229,477,,11.5,12.4
2026-05-30 15:05:39,node,worker-3,91,459,,4.5,12.0
2026-05-30 15:05:39,node,worker-4,198,876,,9.9,22.8
2026-05-30 15:05:46,deployment,adservice,5,80,1,,
2026-05-30 15:05:46,deployment,cartservice,9,31,1,,
2026-05-30 15:05:46,deployment,checkoutservice,2,15,1,,
2026-05-30 15:05:46,deployment,currencyservice,3,25,1,,
2026-05-30 15:05:46,deployment,emailservice,7,49,1,,
2026-05-30 15:05:46,deployment,frontend,0,6,1,,
2026-05-30 15:05:46,deployment,paymentservice,1,23,1,,
2026-05-30 15:05:46,deployment,productcatalogservice,2,15,2,,
2026-05-30 15:05:46,deployment,recommendationservice,7,48,1,,
2026-05-30 15:05:46,deployment,redis-cart,2,15,1,,
2026-05-30 15:05:46,deployment,shippingservice,4,14,1,,
2026-05-30 15:05:46,node,master,454,1210,,22.7,31.5
2026-05-30 15:05:46,node,worker,416,379,,20.8,9.9
2026-05-30 15:05:46,node,worker-1,416,379,,20.8,9.9
2026-05-30 15:05:46,node,worker-2,229,477,,11.5,12.4
2026-05-30 15:05:46,node,worker-3,91,459,,4.5,12.0
2026-05-30 15:05:46,node,worker-4,198,876,,9.9,22.8
2026-05-30 15:05:53,deployment,adservice,5,80,1,,
2026-05-30 15:05:53,deployment,cartservice,9,31,1,,
2026-05-30 15:05:53,deployment,checkoutservice,2,15,1,,
2026-05-30 15:05:53,deployment,currencyservice,3,25,1,,
2026-05-30 15:05:53,deployment,emailservice,7,49,1,,
2026-05-30 15:05:53,deployment,frontend,0,6,1,,
2026-05-30 15:05:53,deployment,paymentservice,1,23,1,,
2026-05-30 15:05:53,deployment,productcatalogservice,2,15,2,,
2026-05-30 15:05:53,deployment,recommendationservice,7,48,1,,
2026-05-30 15:05:53,deployment,redis-cart,2,15,1,,
2026-05-30 15:05:53,deployment,shippingservice,4,14,1,,
2026-05-30 15:05:53,node,master,454,1210,,22.7,31.5
2026-05-30 15:05:53,node,worker,416,379,,20.8,9.9
2026-05-30 15:05:53,node,worker-1,416,379,,20.8,9.9
2026-05-30 15:05:53,node,worker-2,229,477,,11.5,12.4
2026-05-30 15:05:53,node,worker-3,91,459,,4.5,12.0
2026-05-30 15:05:53,node,worker-4,198,876,,9.9,22.8
2026-05-30 15:05:59,deployment,adservice,38,86,1,,
2026-05-30 15:05:59,deployment,cartservice,61,41,1,,
2026-05-30 15:05:59,deployment,checkoutservice,3,15,1,,
2026-05-30 15:05:59,deployment,currencyservice,108,58,1,,
2026-05-30 15:05:59,deployment,emailservice,5,49,1,,
2026-05-30 15:05:59,deployment,frontend,33,18,1,,
2026-05-30 15:05:59,deployment,paymentservice,4,23,1,,
2026-05-30 15:05:59,deployment,productcatalogservice,4,15,2,,
2026-05-30 15:05:59,deployment,recommendationservice,24,50,1,,
2026-05-30 15:05:59,deployment,redis-cart,2,15,1,,
2026-05-30 15:05:59,deployment,shippingservice,4,14,1,,
2026-05-30 15:05:59,node,master,546,1324,,27.3,34.5
2026-05-30 15:05:59,node,worker,911,999,,45.6,26.0
2026-05-30 15:05:59,node,worker-1,911,999,,45.6,26.0
2026-05-30 15:05:59,node,worker-2,402,597,,20.1,15.6
2026-05-30 15:05:59,node,worker-3,169,476,,8.5,12.4
2026-05-30 15:05:59,node,worker-4,351,1034,,17.5,26.9
2026-05-30 15:06:09,deployment,adservice,38,86,1,,
2026-05-30 15:06:09,deployment,cartservice,113,45,1,,
2026-05-30 15:06:09,deployment,checkoutservice,12,16,1,,
2026-05-30 15:06:09,deployment,currencyservice,154,69,1,,
2026-05-30 15:06:09,deployment,emailservice,9,50,1,,
2026-05-30 15:06:09,deployment,frontend,184,27,1,,
2026-05-30 15:06:09,deployment,paymentservice,6,23,1,,
2026-05-30 15:06:09,deployment,productcatalogservice,60,16,2,,
2026-05-30 15:06:09,deployment,recommendationservice,24,50,1,,
2026-05-30 15:06:09,deployment,redis-cart,6,15,1,,
2026-05-30 15:06:09,deployment,shippingservice,11,15,1,,
2026-05-30 15:06:09,node,master,446,1357,,22.3,35.3
2026-05-30 15:06:09,node,worker,75,1003,,3.8,26.1
2026-05-30 15:06:09,node,worker-1,75,1003,,3.8,26.1
2026-05-30 15:06:09,node,worker-2,750,604,,37.5,15.7
2026-05-30 15:06:09,node,worker-3,280,488,,14.0,12.7
2026-05-30 15:06:09,node,worker-4,676,1067,,33.8,27.8
2026-05-30 15:06:17,deployment,adservice,165,93,1,,
2026-05-30 15:06:17,deployment,cartservice,113,45,2,,
2026-05-30 15:06:17,deployment,checkoutservice,12,16,2,,
2026-05-30 15:06:17,deployment,currencyservice,154,69,2,,
2026-05-30 15:06:17,deployment,emailservice,9,50,1,,
2026-05-30 15:06:17,deployment,frontend,184,27,2,,
2026-05-30 15:06:17,deployment,paymentservice,6,23,1,,
2026-05-30 15:06:17,deployment,productcatalogservice,60,16,2,,
2026-05-30 15:06:17,deployment,recommendationservice,24,50,1,,
2026-05-30 15:06:17,deployment,redis-cart,6,15,1,,
2026-05-30 15:06:17,deployment,shippingservice,11,15,1,,
2026-05-30 15:06:17,node,master,446,1357,,22.3,35.3
2026-05-30 15:06:17,node,worker,75,1003,,3.8,26.1
2026-05-30 15:06:17,node,worker-1,75,1003,,3.8,26.1
2026-05-30 15:06:17,node,worker-2,750,604,,37.5,15.7
2026-05-30 15:06:17,node,worker-3,280,488,,14.0,12.7
2026-05-30 15:06:17,node,worker-4,676,1067,,33.8,27.8
2026-05-30 15:06:26,deployment,adservice,177,97,2,,
2026-05-30 15:06:26,deployment,cartservice,127,53,2,,
2026-05-30 15:06:26,deployment,checkoutservice,21,16,2,,
2026-05-30 15:06:26,deployment,currencyservice,181,70,2,,
2026-05-30 15:06:26,deployment,emailservice,12,50,1,,
2026-05-30 15:06:26,deployment,frontend,303,20,2,,
2026-05-30 15:06:26,deployment,paymentservice,15,23,1,,
2026-05-30 15:06:26,deployment,productcatalogservice,121,17,2,,
2026-05-30 15:06:26,deployment,recommendationservice,135,54,1,,
2026-05-30 15:06:26,deployment,redis-cart,11,15,1,,
2026-05-30 15:06:26,deployment,shippingservice,19,16,1,,
2026-05-30 15:06:26,node,master,703,1405,,35.1,36.6
2026-05-30 15:06:26,node,worker,237,1037,,11.8,27.0
2026-05-30 15:06:26,node,worker-1,237,1037,,11.8,27.0
2026-05-30 15:06:26,node,worker-2,1211,680,,60.6,17.7
2026-05-30 15:06:26,node,worker-3,389,500,,19.4,13.0
2026-05-30 15:06:26,node,worker-4,1160,1023,,58.0,26.6
2026-05-30 15:06:33,deployment,adservice,177,97,2,,
2026-05-30 15:06:33,deployment,cartservice,127,53,2,,
2026-05-30 15:06:33,deployment,checkoutservice,21,16,2,,
2026-05-30 15:06:33,deployment,currencyservice,181,70,2,,
2026-05-30 15:06:33,deployment,emailservice,12,50,1,,
2026-05-30 15:06:33,deployment,frontend,303,20,2,,
2026-05-30 15:06:33,deployment,paymentservice,15,23,1,,
2026-05-30 15:06:33,deployment,productcatalogservice,121,17,2,,
2026-05-30 15:06:33,deployment,recommendationservice,135,54,1,,
2026-05-30 15:06:33,deployment,redis-cart,11,15,1,,
2026-05-30 15:06:33,deployment,shippingservice,19,16,1,,
2026-05-30 15:06:33,node,master,703,1405,,35.1,36.6
2026-05-30 15:06:33,node,worker,237,1037,,11.8,27.0
2026-05-30 15:06:33,node,worker-1,237,1037,,11.8,27.0
2026-05-30 15:06:33,node,worker-2,1211,680,,60.6,17.7
2026-05-30 15:06:33,node,worker-3,389,500,,19.4,13.0
2026-05-30 15:06:33,node,worker-4,1160,1023,,58.0,26.6
2026-05-30 15:06:41,deployment,adservice,327,161,2,,
2026-05-30 15:06:41,deployment,cartservice,127,68,2,,
2026-05-30 15:06:41,deployment,checkoutservice,34,33,2,,
2026-05-30 15:06:41,deployment,currencyservice,273,102,2,,
2026-05-30 15:06:41,deployment,emailservice,12,50,1,,
2026-05-30 15:06:41,deployment,frontend,333,30,2,,
2026-05-30 15:06:41,deployment,paymentservice,13,23,1,,
2026-05-30 15:06:41,deployment,productcatalogservice,148,17,2,,
2026-05-30 15:06:41,deployment,recommendationservice,135,54,1,,
2026-05-30 15:06:41,deployment,redis-cart,11,15,1,,
2026-05-30 15:06:41,deployment,shippingservice,23,16,1,,
2026-05-30 15:06:41,node,master,596,1403,,29.8,36.5
2026-05-30 15:06:41,node,worker,327,1044,,16.4,27.2
2026-05-30 15:06:41,node,worker-1,327,1044,,16.4,27.2
2026-05-30 15:06:41,node,worker-2,1242,704,,62.1,18.3
2026-05-30 15:06:41,node,worker-3,398,509,,19.9,13.3
2026-05-30 15:06:41,node,worker-4,1048,983,,52.4,25.6
2026-05-30 15:06:48,deployment,adservice,327,161,2,,
2026-05-30 15:06:48,deployment,cartservice,127,68,2,,
2026-05-30 15:06:48,deployment,checkoutservice,34,33,2,,
2026-05-30 15:06:48,deployment,currencyservice,273,102,3,,
2026-05-30 15:06:48,deployment,emailservice,12,50,1,,
2026-05-30 15:06:48,deployment,frontend,333,30,3,,
2026-05-30 15:06:48,deployment,paymentservice,13,23,1,,
2026-05-30 15:06:48,deployment,productcatalogservice,169,17,5,,
2026-05-30 15:06:48,deployment,recommendationservice,150,54,3,,
2026-05-30 15:06:48,deployment,redis-cart,11,15,1,,
2026-05-30 15:06:48,deployment,shippingservice,21,16,2,,
2026-05-30 15:06:48,node,master,1043,1513,,52.1,39.4
2026-05-30 15:06:48,node,worker,930,1127,,46.5,29.4
2026-05-30 15:06:48,node,worker-1,930,1127,,46.5,29.4
2026-05-30 15:06:48,node,worker-2,1399,801,,70.0,20.9
2026-05-30 15:06:48,node,worker-3,390,504,,19.5,13.1
2026-05-30 15:06:48,node,worker-4,1089,1070,,54.4,27.9
2026-05-30 15:07:01,deployment,adservice,164,170,3,,
2026-05-30 15:07:01,deployment,cartservice,197,84,3,,
2026-05-30 15:07:01,deployment,checkoutservice,29,34,3,,
2026-05-30 15:07:01,deployment,currencyservice,239,104,3,,
2026-05-30 15:07:01,deployment,emailservice,12,50,1,,
2026-05-30 15:07:01,deployment,frontend,444,32,3,,
2026-05-30 15:07:01,deployment,paymentservice,13,23,1,,
2026-05-30 15:07:01,deployment,productcatalogservice,169,17,5,,
2026-05-30 15:07:01,deployment,recommendationservice,150,54,3,,
2026-05-30 15:07:01,deployment,redis-cart,11,15,1,,
2026-05-30 15:07:01,deployment,shippingservice,21,16,2,,
2026-05-30 15:07:01,node,master,1043,1513,,52.1,39.4
2026-05-30 15:07:01,node,worker,930,1127,,46.5,29.4
2026-05-30 15:07:01,node,worker-1,930,1127,,46.5,29.4
2026-05-30 15:07:01,node,worker-2,1399,801,,70.0,20.9
2026-05-30 15:07:01,node,worker-3,390,504,,19.5,13.1
2026-05-30 15:07:01,node,worker-4,1089,1070,,54.4,27.9
2026-05-30 15:07:11,deployment,adservice,395,235,3,,
2026-05-30 15:07:11,deployment,cartservice,280,109,3,,
2026-05-30 15:07:11,deployment,checkoutservice,42,50,3,,
2026-05-30 15:07:11,deployment,currencyservice,354,144,3,,
2026-05-30 15:07:11,deployment,emailservice,14,50,1,,
2026-05-30 15:07:11,deployment,frontend,447,43,3,,
2026-05-30 15:07:11,deployment,paymentservice,14,23,1,,
2026-05-30 15:07:11,deployment,productcatalogservice,309,65,5,,
2026-05-30 15:07:11,deployment,recommendationservice,265,149,3,,
2026-05-30 15:07:11,deployment,redis-cart,12,15,1,,
2026-05-30 15:07:11,deployment,shippingservice,32,22,2,,
2026-05-30 15:07:11,node,master,917,1538,,45.9,40.1
2026-05-30 15:07:11,node,worker,932,1160,,46.6,30.2
2026-05-30 15:07:11,node,worker-1,932,1160,,46.6,30.2
2026-05-30 15:07:11,node,worker-2,1596,844,,79.8,22.0
2026-05-30 15:07:11,node,worker-3,492,543,,24.6,14.1
2026-05-30 15:07:11,node,worker-4,1043,1068,,52.1,27.8
2026-05-30 15:07:20,deployment,adservice,395,235,3,,
2026-05-30 15:07:20,deployment,cartservice,280,109,3,,
2026-05-30 15:07:20,deployment,checkoutservice,42,50,3,,
2026-05-30 15:07:20,deployment,currencyservice,354,144,3,,
2026-05-30 15:07:20,deployment,emailservice,14,50,1,,
2026-05-30 15:07:20,deployment,frontend,447,43,3,,
2026-05-30 15:07:20,deployment,paymentservice,14,23,1,,
2026-05-30 15:07:20,deployment,productcatalogservice,309,65,6,,
2026-05-30 15:07:20,deployment,recommendationservice,265,149,3,,
2026-05-30 15:07:20,deployment,redis-cart,12,15,1,,
2026-05-30 15:07:20,deployment,shippingservice,32,22,2,,
2026-05-30 15:07:20,node,master,917,1538,,45.9,40.1
2026-05-30 15:07:20,node,worker,932,1160,,46.6,30.2
2026-05-30 15:07:20,node,worker-1,932,1160,,46.6,30.2
2026-05-30 15:07:20,node,worker-2,1596,844,,79.8,22.0
2026-05-30 15:07:20,node,worker-3,492,543,,24.6,14.1
2026-05-30 15:07:20,node,worker-4,1043,1068,,52.1,27.8
2026-05-30 15:07:30,deployment,adservice,338,266,3,,
2026-05-30 15:07:30,deployment,cartservice,348,118,4,,
2026-05-30 15:07:30,deployment,checkoutservice,38,51,4,,
2026-05-30 15:07:30,deployment,currencyservice,453,150,3,,
2026-05-30 15:07:30,deployment,emailservice,13,50,1,,
2026-05-30 15:07:30,deployment,frontend,523,44,3,,
2026-05-30 15:07:30,deployment,paymentservice,12,24,1,,
2026-05-30 15:07:30,deployment,productcatalogservice,309,65,6,,
2026-05-30 15:07:30,deployment,recommendationservice,227,153,3,,
2026-05-30 15:07:30,deployment,redis-cart,13,15,1,,
2026-05-30 15:07:30,deployment,shippingservice,30,23,2,,
2026-05-30 15:07:30,node,master,1017,1631,,50.8,42.5
2026-05-30 15:07:30,node,worker,1139,1220,,57.0,31.8
2026-05-30 15:07:30,node,worker-1,1139,1220,,57.0,31.8
2026-05-30 15:07:30,node,worker-2,1629,877,,81.5,22.8
2026-05-30 15:07:30,node,worker-3,683,548,,34.2,14.3
2026-05-30 15:07:30,node,worker-4,829,1094,,41.4,28.5
2026-05-30 15:07:40,deployment,adservice,467,288,3,,
2026-05-30 15:07:40,deployment,cartservice,401,155,4,,
2026-05-30 15:07:40,deployment,checkoutservice,41,66,4,,
2026-05-30 15:07:40,deployment,currencyservice,363,152,3,,
2026-05-30 15:07:40,deployment,emailservice,13,50,1,,
2026-05-30 15:07:40,deployment,frontend,487,44,3,,
2026-05-30 15:07:40,deployment,paymentservice,13,24,1,,
2026-05-30 15:07:40,deployment,productcatalogservice,331,82,6,,
2026-05-30 15:07:40,deployment,recommendationservice,203,153,3,,
2026-05-30 15:07:40,deployment,redis-cart,14,15,1,,
2026-05-30 15:07:40,deployment,shippingservice,32,23,2,,
2026-05-30 15:07:40,node,master,867,1644,,43.4,42.8
2026-05-30 15:07:40,node,worker,1078,1211,,53.9,31.5
2026-05-30 15:07:40,node,worker-1,1078,1211,,53.9,31.5
2026-05-30 15:07:40,node,worker-2,1648,888,,82.4,23.1
2026-05-30 15:07:40,node,worker-3,699,581,,34.9,15.1
2026-05-30 15:07:40,node,worker-4,917,1075,,45.9,28.0
2026-05-30 15:07:50,deployment,adservice,467,288,3,,
2026-05-30 15:07:50,deployment,cartservice,401,155,4,,
2026-05-30 15:07:50,deployment,checkoutservice,41,66,4,,
2026-05-30 15:07:50,deployment,currencyservice,363,152,3,,
2026-05-30 15:07:50,deployment,emailservice,13,50,1,,
2026-05-30 15:07:50,deployment,frontend,487,44,3,,
2026-05-30 15:07:50,deployment,paymentservice,13,24,1,,
2026-05-30 15:07:50,deployment,productcatalogservice,331,82,6,,
2026-05-30 15:07:50,deployment,recommendationservice,203,153,3,,
2026-05-30 15:07:50,deployment,redis-cart,14,15,1,,
2026-05-30 15:07:50,deployment,shippingservice,32,23,2,,
2026-05-30 15:07:50,node,master,867,1644,,43.4,42.8
2026-05-30 15:07:50,node,worker,1078,1211,,53.9,31.5
2026-05-30 15:07:50,node,worker-1,1078,1211,,53.9,31.5
2026-05-30 15:07:50,node,worker-2,1648,888,,82.4,23.1
2026-05-30 15:07:50,node,worker-3,699,581,,34.9,15.1
2026-05-30 15:07:50,node,worker-4,917,1075,,45.9,28.0
2026-05-30 15:08:00,deployment,adservice,289,282,3,,
2026-05-30 15:08:00,deployment,cartservice,426,188,4,,
2026-05-30 15:08:00,deployment,checkoutservice,39,66,4,,
2026-05-30 15:08:00,deployment,currencyservice,338,157,3,,
2026-05-30 15:08:00,deployment,emailservice,12,50,1,,
2026-05-30 15:08:00,deployment,frontend,511,44,3,,
2026-05-30 15:08:00,deployment,paymentservice,13,24,1,,
2026-05-30 15:08:00,deployment,productcatalogservice,318,83,6,,
2026-05-30 15:08:00,deployment,recommendationservice,208,153,4,,
2026-05-30 15:08:00,deployment,redis-cart,13,15,1,,
2026-05-30 15:08:00,deployment,shippingservice,31,23,2,,
2026-05-30 15:08:00,node,master,921,1604,,46.1,41.8
2026-05-30 15:08:00,node,worker,1029,1223,,51.4,31.9
2026-05-30 15:08:00,node,worker-1,1029,1223,,51.4,31.9
2026-05-30 15:08:00,node,worker-2,1537,887,,76.8,23.1
2026-05-30 15:08:00,node,worker-3,675,575,,33.8,15.0
2026-05-30 15:08:00,node,worker-4,950,1133,,47.5,29.5
2026-05-30 15:08:10,deployment,adservice,208,289,3,,
2026-05-30 15:08:10,deployment,cartservice,276,189,4,,
2026-05-30 15:08:10,deployment,checkoutservice,39,67,4,,
2026-05-30 15:08:10,deployment,currencyservice,349,165,3,,
2026-05-30 15:08:10,deployment,emailservice,10,50,1,,
2026-05-30 15:08:10,deployment,frontend,481,46,3,,
2026-05-30 15:08:10,deployment,paymentservice,12,24,1,,
2026-05-30 15:08:10,deployment,productcatalogservice,326,83,6,,
2026-05-30 15:08:10,deployment,recommendationservice,254,201,4,,
2026-05-30 15:08:10,deployment,redis-cart,14,15,1,,
2026-05-30 15:08:10,deployment,shippingservice,31,23,2,,
2026-05-30 15:08:10,node,master,835,1613,,41.8,42.0
2026-05-30 15:08:10,node,worker,1152,1276,,57.6,33.2
2026-05-30 15:08:10,node,worker-1,1152,1276,,57.6,33.2
2026-05-30 15:08:10,node,worker-2,1403,915,,70.2,23.8
2026-05-30 15:08:10,node,worker-3,657,582,,32.9,15.2
2026-05-30 15:08:10,node,worker-4,1000,1194,,50.0,31.1
2026-05-30 15:08:18,deployment,adservice,208,289,3,,
2026-05-30 15:08:18,deployment,cartservice,276,189,4,,
2026-05-30 15:08:18,deployment,checkoutservice,39,67,4,,
2026-05-30 15:08:18,deployment,currencyservice,349,165,3,,
2026-05-30 15:08:18,deployment,emailservice,10,50,1,,
2026-05-30 15:08:18,deployment,frontend,481,46,3,,
2026-05-30 15:08:18,deployment,paymentservice,12,24,1,,
2026-05-30 15:08:18,deployment,productcatalogservice,326,83,6,,
2026-05-30 15:08:18,deployment,recommendationservice,254,201,4,,
2026-05-30 15:08:18,deployment,redis-cart,14,15,1,,
2026-05-30 15:08:18,deployment,shippingservice,31,23,2,,
2026-05-30 15:08:18,node,master,835,1613,,41.8,42.0
2026-05-30 15:08:18,node,worker,1152,1276,,57.6,33.2
2026-05-30 15:08:18,node,worker-1,1152,1276,,57.6,33.2
2026-05-30 15:08:18,node,worker-2,1403,915,,70.2,23.8
2026-05-30 15:08:18,node,worker-3,657,582,,32.9,15.2
2026-05-30 15:08:18,node,worker-4,1000,1194,,50.0,31.1
2026-05-30 15:08:27,deployment,adservice,216,295,3,,
2026-05-30 15:08:27,deployment,cartservice,271,198,4,,
2026-05-30 15:08:27,deployment,checkoutservice,38,68,4,,
2026-05-30 15:08:27,deployment,currencyservice,336,167,3,,
2026-05-30 15:08:27,deployment,emailservice,13,50,1,,
2026-05-30 15:08:27,deployment,frontend,508,45,3,,
2026-05-30 15:08:27,deployment,paymentservice,8,24,1,,
2026-05-30 15:08:27,deployment,productcatalogservice,315,83,6,,
2026-05-30 15:08:27,deployment,recommendationservice,238,200,4,,
2026-05-30 15:08:27,deployment,redis-cart,14,15,1,,
2026-05-30 15:08:27,deployment,shippingservice,27,23,2,,
2026-05-30 15:08:27,node,master,828,1592,,41.4,41.5
2026-05-30 15:08:27,node,worker,1083,1288,,54.1,33.6
2026-05-30 15:08:27,node,worker-1,1083,1288,,54.1,33.6
2026-05-30 15:08:27,node,worker-2,1499,909,,75.0,23.7
2026-05-30 15:08:27,node,worker-3,665,583,,33.2,15.2
2026-05-30 15:08:27,node,worker-4,889,1197,,44.5,31.2
2026-05-30 15:08:35,deployment,adservice,216,295,3,,
2026-05-30 15:08:35,deployment,cartservice,271,198,4,,
2026-05-30 15:08:35,deployment,checkoutservice,38,68,4,,
2026-05-30 15:08:35,deployment,currencyservice,336,167,3,,
2026-05-30 15:08:35,deployment,emailservice,13,50,1,,
2026-05-30 15:08:35,deployment,frontend,508,45,3,,
2026-05-30 15:08:35,deployment,paymentservice,8,24,1,,
2026-05-30 15:08:35,deployment,productcatalogservice,315,83,6,,
2026-05-30 15:08:35,deployment,recommendationservice,238,200,4,,
2026-05-30 15:08:35,deployment,redis-cart,14,15,1,,
2026-05-30 15:08:35,deployment,shippingservice,27,23,2,,
2026-05-30 15:08:35,node,master,828,1592,,41.4,41.5
2026-05-30 15:08:35,node,worker,1083,1288,,54.1,33.6
2026-05-30 15:08:35,node,worker-1,1083,1288,,54.1,33.6
2026-05-30 15:08:35,node,worker-2,1499,909,,75.0,23.7
2026-05-30 15:08:35,node,worker-3,665,583,,33.2,15.2
2026-05-30 15:08:35,node,worker-4,889,1197,,44.5,31.2
2026-05-30 15:08:44,deployment,adservice,266,294,3,,
2026-05-30 15:08:44,deployment,cartservice,264,205,4,,
2026-05-30 15:08:44,deployment,checkoutservice,42,68,4,,
2026-05-30 15:08:44,deployment,currencyservice,339,166,3,,
2026-05-30 15:08:44,deployment,emailservice,12,50,1,,
2026-05-30 15:08:44,deployment,frontend,521,45,3,,
2026-05-30 15:08:44,deployment,paymentservice,14,24,1,,
2026-05-30 15:08:44,deployment,productcatalogservice,332,83,6,,
2026-05-30 15:08:44,deployment,recommendationservice,227,204,4,,
2026-05-30 15:08:44,deployment,redis-cart,16,17,1,,
2026-05-30 15:08:44,deployment,shippingservice,31,23,2,,
2026-05-30 15:08:44,node,master,934,1598,,46.7,41.6
2026-05-30 15:08:44,node,worker,1200,1289,,60.0,33.6
2026-05-30 15:08:44,node,worker-1,1200,1289,,60.0,33.6
2026-05-30 15:08:44,node,worker-2,1572,915,,78.6,23.8
2026-05-30 15:08:44,node,worker-3,643,579,,32.1,15.1
2026-05-30 15:08:44,node,worker-4,968,1246,,48.4,32.5
2026-05-30 15:08:52,deployment,adservice,266,294,3,,
2026-05-30 15:08:52,deployment,cartservice,264,205,4,,
2026-05-30 15:08:52,deployment,checkoutservice,42,68,4,,
2026-05-30 15:08:52,deployment,currencyservice,339,166,3,,
2026-05-30 15:08:52,deployment,emailservice,12,50,1,,
2026-05-30 15:08:52,deployment,frontend,521,45,3,,
2026-05-30 15:08:52,deployment,paymentservice,14,24,1,,
2026-05-30 15:08:52,deployment,productcatalogservice,332,83,6,,
2026-05-30 15:08:52,deployment,recommendationservice,227,204,4,,
2026-05-30 15:08:52,deployment,redis-cart,16,17,1,,
2026-05-30 15:08:52,deployment,shippingservice,31,23,2,,
2026-05-30 15:08:52,node,master,833,1595,,41.6,41.5
2026-05-30 15:08:52,node,worker,1111,1307,,55.5,34.0
2026-05-30 15:08:52,node,worker-1,1111,1307,,55.5,34.0
2026-05-30 15:08:52,node,worker-2,1533,909,,76.6,23.7
2026-05-30 15:08:52,node,worker-3,634,578,,31.7,15.1
2026-05-30 15:08:52,node,worker-4,899,1148,,45.0,29.9
2026-05-30 15:09:01,deployment,adservice,256,308,4,,
2026-05-30 15:09:01,deployment,cartservice,233,207,4,,
2026-05-30 15:09:01,deployment,checkoutservice,37,68,4,,
2026-05-30 15:09:01,deployment,currencyservice,335,168,3,,
2026-05-30 15:09:01,deployment,emailservice,12,50,1,,
2026-05-30 15:09:01,deployment,frontend,517,45,3,,
2026-05-30 15:09:01,deployment,paymentservice,11,25,1,,
2026-05-30 15:09:01,deployment,productcatalogservice,333,83,6,,
2026-05-30 15:09:01,deployment,recommendationservice,225,204,4,,
2026-05-30 15:09:01,deployment,redis-cart,16,17,1,,
2026-05-30 15:09:01,deployment,shippingservice,31,23,2,,
2026-05-30 15:09:01,node,master,833,1595,,41.6,41.5
2026-05-30 15:09:01,node,worker,1111,1307,,55.5,34.0
2026-05-30 15:09:01,node,worker-1,1111,1307,,55.5,34.0
2026-05-30 15:09:01,node,worker-2,1533,909,,76.6,23.7
2026-05-30 15:09:01,node,worker-3,634,578,,31.7,15.1
2026-05-30 15:09:01,node,worker-4,899,1148,,45.0,29.9
2026-05-30 15:09:11,deployment,adservice,343,334,4,,
2026-05-30 15:09:11,deployment,cartservice,226,211,4,,
2026-05-30 15:09:11,deployment,checkoutservice,37,69,4,,
2026-05-30 15:09:11,deployment,currencyservice,328,171,3,,
2026-05-30 15:09:11,deployment,emailservice,10,50,1,,
2026-05-30 15:09:11,deployment,frontend,511,45,3,,
2026-05-30 15:09:11,deployment,paymentservice,12,25,1,,
2026-05-30 15:09:11,deployment,productcatalogservice,325,84,6,,
2026-05-30 15:09:11,deployment,recommendationservice,229,205,4,,
2026-05-30 15:09:11,deployment,redis-cart,16,17,1,,
2026-05-30 15:09:11,deployment,shippingservice,32,23,2,,
2026-05-30 15:09:11,node,master,833,1598,,41.6,41.6
2026-05-30 15:09:11,node,worker,1115,1292,,55.8,33.7
2026-05-30 15:09:11,node,worker-1,1115,1292,,55.8,33.7
2026-05-30 15:09:11,node,worker-2,1420,909,,71.0,23.7
2026-05-30 15:09:11,node,worker-3,605,580,,30.2,15.1
2026-05-30 15:09:11,node,worker-4,1060,1284,,53.0,33.4
2026-05-30 15:09:19,deployment,adservice,343,334,4,,
2026-05-30 15:09:19,deployment,cartservice,226,211,4,,
2026-05-30 15:09:19,deployment,checkoutservice,37,69,4,,
2026-05-30 15:09:19,deployment,currencyservice,328,171,3,,
2026-05-30 15:09:19,deployment,emailservice,10,50,1,,
2026-05-30 15:09:19,deployment,frontend,511,45,3,,
2026-05-30 15:09:19,deployment,paymentservice,12,25,1,,
2026-05-30 15:09:19,deployment,productcatalogservice,325,84,6,,
2026-05-30 15:09:19,deployment,recommendationservice,229,205,4,,
2026-05-30 15:09:19,deployment,redis-cart,16,17,1,,
2026-05-30 15:09:19,deployment,shippingservice,16,16,1,,
2026-05-30 15:09:19,node,master,833,1598,,41.6,41.6
2026-05-30 15:09:19,node,worker,1115,1292,,55.8,33.7
2026-05-30 15:09:19,node,worker-1,1115,1292,,55.8,33.7
2026-05-30 15:09:19,node,worker-2,1420,909,,71.0,23.7
2026-05-30 15:09:19,node,worker-3,605,580,,30.2,15.1
2026-05-30 15:09:19,node,worker-4,1060,1284,,53.0,33.4
2026-05-30 15:09:27,deployment,adservice,373,349,4,,
2026-05-30 15:09:27,deployment,cartservice,229,216,4,,
2026-05-30 15:09:27,deployment,checkoutservice,40,69,4,,
2026-05-30 15:09:27,deployment,currencyservice,353,169,3,,
2026-05-30 15:09:27,deployment,emailservice,14,50,1,,
2026-05-30 15:09:27,deployment,frontend,514,46,3,,
2026-05-30 15:09:27,deployment,paymentservice,14,25,1,,
2026-05-30 15:09:27,deployment,productcatalogservice,325,84,6,,
2026-05-30 15:09:27,deployment,recommendationservice,232,205,4,,
2026-05-30 15:09:27,deployment,redis-cart,16,17,1,,
2026-05-30 15:09:27,deployment,shippingservice,16,16,1,,
2026-05-30 15:09:27,node,master,878,1578,,43.9,41.1
2026-05-30 15:09:27,node,worker,1116,1295,,55.8,33.7
2026-05-30 15:09:27,node,worker-1,1116,1295,,55.8,33.7
2026-05-30 15:09:27,node,worker-2,1523,905,,76.1,23.6
2026-05-30 15:09:27,node,worker-3,661,581,,33.1,15.1
2026-05-30 15:09:27,node,worker-4,1070,1312,,53.5,34.2
2026-05-30 15:09:36,deployment,adservice,373,349,4,,
2026-05-30 15:09:36,deployment,cartservice,229,216,4,,
2026-05-30 15:09:36,deployment,checkoutservice,28,52,3,,
2026-05-30 15:09:36,deployment,currencyservice,353,169,3,,
2026-05-30 15:09:36,deployment,emailservice,14,50,1,,
2026-05-30 15:09:36,deployment,frontend,514,46,3,,
2026-05-30 15:09:36,deployment,paymentservice,14,25,1,,
2026-05-30 15:09:36,deployment,productcatalogservice,325,84,6,,
2026-05-30 15:09:36,deployment,recommendationservice,177,155,3,,
2026-05-30 15:09:36,deployment,redis-cart,16,17,1,,
2026-05-30 15:09:36,deployment,shippingservice,16,16,1,,
2026-05-30 15:09:36,node,master,878,1578,,43.9,41.1
2026-05-30 15:09:36,node,worker,1116,1295,,55.8,33.7
2026-05-30 15:09:36,node,worker-1,1116,1295,,55.8,33.7
2026-05-30 15:09:36,node,worker-2,1523,905,,76.1,23.6
2026-05-30 15:09:36,node,worker-3,661,581,,33.1,15.1
2026-05-30 15:09:36,node,worker-4,1070,1312,,53.5,34.2
2026-05-30 15:09:44,deployment,adservice,214,381,4,,
2026-05-30 15:09:44,deployment,cartservice,220,216,4,,
2026-05-30 15:09:44,deployment,checkoutservice,36,51,3,,
2026-05-30 15:09:44,deployment,currencyservice,347,176,3,,
2026-05-30 15:09:44,deployment,emailservice,12,50,1,,
2026-05-30 15:09:44,deployment,frontend,514,46,3,,
2026-05-30 15:09:44,deployment,paymentservice,14,25,1,,
2026-05-30 15:09:44,deployment,productcatalogservice,337,85,6,,
2026-05-30 15:09:44,deployment,recommendationservice,177,158,3,,
2026-05-30 15:09:44,deployment,redis-cart,14,17,1,,
2026-05-30 15:09:44,deployment,shippingservice,24,16,1,,
2026-05-30 15:09:44,node,master,946,1574,,47.3,41.0
2026-05-30 15:09:44,node,worker,1184,1259,,59.2,32.8
2026-05-30 15:09:44,node,worker-1,1184,1259,,59.2,32.8
2026-05-30 15:09:44,node,worker-2,1516,909,,75.8,23.7
2026-05-30 15:09:44,node,worker-3,625,582,,31.2,15.2
2026-05-30 15:09:44,node,worker-4,1106,1346,,55.3,35.1
2026-05-30 15:09:53,deployment,adservice,214,381,4,,
2026-05-30 15:09:53,deployment,cartservice,220,216,4,,
2026-05-30 15:09:53,deployment,checkoutservice,36,51,3,,
2026-05-30 15:09:53,deployment,currencyservice,341,177,3,,
2026-05-30 15:09:53,deployment,emailservice,13,50,1,,
2026-05-30 15:09:53,deployment,frontend,526,46,3,,
2026-05-30 15:09:53,deployment,paymentservice,14,26,1,,
2026-05-30 15:09:53,deployment,productcatalogservice,332,84,6,,
2026-05-30 15:09:53,deployment,recommendationservice,212,156,3,,
2026-05-30 15:09:53,deployment,redis-cart,15,17,1,,
2026-05-30 15:09:53,deployment,shippingservice,27,16,1,,
2026-05-30 15:09:53,node,master,815,1569,,40.8,40.9
2026-05-30 15:09:53,node,worker,1014,1265,,50.7,33.0
2026-05-30 15:09:53,node,worker-1,1014,1265,,50.7,33.0
2026-05-30 15:09:53,node,worker-2,1532,913,,76.6,23.8
2026-05-30 15:09:53,node,worker-3,593,583,,29.6,15.2
2026-05-30 15:09:53,node,worker-4,1075,1338,,53.8,34.9
2026-05-30 15:10:02,deployment,adservice,244,377,4,,
2026-05-30 15:10:02,deployment,cartservice,241,220,4,,
2026-05-30 15:10:02,deployment,checkoutservice,40,51,3,,
2026-05-30 15:10:02,deployment,currencyservice,341,177,3,,
2026-05-30 15:10:02,deployment,emailservice,13,50,1,,
2026-05-30 15:10:02,deployment,frontend,526,46,3,,
2026-05-30 15:10:02,deployment,paymentservice,14,26,1,,
2026-05-30 15:10:02,deployment,productcatalogservice,332,84,6,,
2026-05-30 15:10:02,deployment,recommendationservice,212,156,3,,
2026-05-30 15:10:02,deployment,redis-cart,15,17,1,,
2026-05-30 15:10:02,deployment,shippingservice,27,16,1,,
2026-05-30 15:10:02,node,master,815,1569,,40.8,40.9
2026-05-30 15:10:02,node,worker,1014,1265,,50.7,33.0
2026-05-30 15:10:02,node,worker-1,1014,1265,,50.7,33.0
2026-05-30 15:10:02,node,worker-2,1532,913,,76.6,23.8
2026-05-30 15:10:02,node,worker-3,593,583,,29.6,15.2
2026-05-30 15:10:02,node,worker-4,1075,1338,,53.8,34.9
2026-05-30 15:10:11,deployment,adservice,151,385,4,,
2026-05-30 15:10:11,deployment,cartservice,196,218,4,,
2026-05-30 15:10:11,deployment,checkoutservice,37,51,3,,
2026-05-30 15:10:11,deployment,currencyservice,319,183,3,,
2026-05-30 15:10:11,deployment,emailservice,12,50,1,,
2026-05-30 15:10:11,deployment,frontend,488,47,3,,
2026-05-30 15:10:11,deployment,paymentservice,13,26,1,,
2026-05-30 15:10:11,deployment,productcatalogservice,319,84,6,,
2026-05-30 15:10:11,deployment,recommendationservice,210,156,3,,
2026-05-30 15:10:11,deployment,redis-cart,15,17,1,,
2026-05-30 15:10:11,deployment,shippingservice,27,16,1,,
2026-05-30 15:10:11,node,master,784,1576,,39.2,41.1
2026-05-30 15:10:11,node,worker,980,1266,,49.0,33.0
2026-05-30 15:10:11,node,worker-1,980,1266,,49.0,33.0
2026-05-30 15:10:11,node,worker-2,1431,911,,71.5,23.7
2026-05-30 15:10:11,node,worker-3,568,584,,28.4,15.2
2026-05-30 15:10:11,node,worker-4,1077,1287,,53.8,33.5
2026-05-30 15:10:19,deployment,adservice,151,385,4,,
2026-05-30 15:10:19,deployment,cartservice,196,218,4,,
2026-05-30 15:10:19,deployment,checkoutservice,37,51,3,,
2026-05-30 15:10:19,deployment,currencyservice,319,183,3,,
2026-05-30 15:10:19,deployment,emailservice,12,50,1,,
2026-05-30 15:10:19,deployment,frontend,488,47,3,,
2026-05-30 15:10:19,deployment,paymentservice,13,26,1,,
2026-05-30 15:10:19,deployment,productcatalogservice,319,84,6,,
2026-05-30 15:10:19,deployment,recommendationservice,210,156,3,,
2026-05-30 15:10:19,deployment,redis-cart,15,17,1,,
2026-05-30 15:10:19,deployment,shippingservice,27,16,1,,
2026-05-30 15:10:19,node,master,784,1576,,39.2,41.1
2026-05-30 15:10:19,node,worker,980,1266,,49.0,33.0
2026-05-30 15:10:19,node,worker-1,980,1266,,49.0,33.0
2026-05-30 15:10:19,node,worker-2,1431,911,,71.5,23.7
2026-05-30 15:10:19,node,worker-3,568,584,,28.4,15.2
2026-05-30 15:10:19,node,worker-4,1077,1287,,53.8,33.5
2026-05-30 15:10:27,deployment,adservice,180,382,4,,
2026-05-30 15:10:27,deployment,cartservice,188,217,4,,
2026-05-30 15:10:27,deployment,checkoutservice,34,52,3,,
2026-05-30 15:10:27,deployment,currencyservice,331,183,3,,
2026-05-30 15:10:27,deployment,emailservice,14,50,1,,
2026-05-30 15:10:27,deployment,frontend,508,47,3,,
2026-05-30 15:10:27,deployment,paymentservice,10,26,1,,
2026-05-30 15:10:27,deployment,productcatalogservice,330,84,6,,
2026-05-30 15:10:27,deployment,recommendationservice,209,156,3,,
2026-05-30 15:10:27,deployment,redis-cart,14,17,1,,
2026-05-30 15:10:27,deployment,shippingservice,27,16,1,,
2026-05-30 15:10:27,node,master,689,1573,,34.4,41.0
2026-05-30 15:10:27,node,worker,953,1270,,47.6,33.1
2026-05-30 15:10:27,node,worker-1,953,1270,,47.6,33.1
2026-05-30 15:10:27,node,worker-2,1496,917,,74.8,23.9
2026-05-30 15:10:27,node,worker-3,642,586,,32.1,15.3
2026-05-30 15:10:27,node,worker-4,1089,1295,,54.4,33.7
2026-05-30 15:10:34,deployment,adservice,180,382,4,,
2026-05-30 15:10:34,deployment,cartservice,188,217,4,,
2026-05-30 15:10:34,deployment,checkoutservice,34,52,3,,
2026-05-30 15:10:34,deployment,currencyservice,331,183,3,,
2026-05-30 15:10:34,deployment,emailservice,14,50,1,,
2026-05-30 15:10:34,deployment,frontend,508,47,3,,
2026-05-30 15:10:34,deployment,paymentservice,10,26,1,,
2026-05-30 15:10:34,deployment,productcatalogservice,330,84,6,,
2026-05-30 15:10:34,deployment,recommendationservice,209,156,3,,
2026-05-30 15:10:34,deployment,redis-cart,14,17,1,,
2026-05-30 15:10:34,deployment,shippingservice,27,16,1,,
2026-05-30 15:10:34,node,master,689,1573,,34.4,41.0
2026-05-30 15:10:34,node,worker,953,1270,,47.6,33.1
2026-05-30 15:10:34,node,worker-1,953,1270,,47.6,33.1
2026-05-30 15:10:34,node,worker-2,1496,917,,74.8,23.9
2026-05-30 15:10:34,node,worker-3,642,586,,32.1,15.3
2026-05-30 15:10:34,node,worker-4,1089,1295,,54.4,33.7
2026-05-30 15:10:43,deployment,adservice,260,390,4,,
2026-05-30 15:10:43,deployment,cartservice,228,218,4,,
2026-05-30 15:10:43,deployment,checkoutservice,37,52,3,,
2026-05-30 15:10:43,deployment,currencyservice,348,182,3,,
2026-05-30 15:10:43,deployment,emailservice,10,50,1,,
2026-05-30 15:10:43,deployment,frontend,519,46,3,,
2026-05-30 15:10:43,deployment,paymentservice,14,26,1,,
2026-05-30 15:10:43,deployment,productcatalogservice,330,84,6,,
2026-05-30 15:10:43,deployment,recommendationservice,216,156,3,,
2026-05-30 15:10:43,deployment,redis-cart,14,17,1,,
2026-05-30 15:10:43,deployment,shippingservice,24,16,1,,
2026-05-30 15:10:43,node,master,849,1577,,42.4,41.1
2026-05-30 15:10:43,node,worker,1036,1268,,51.8,33.0
2026-05-30 15:10:43,node,worker-1,1036,1268,,51.8,33.0
2026-05-30 15:10:43,node,worker-2,1521,924,,76.0,24.1
2026-05-30 15:10:43,node,worker-3,580,585,,29.0,15.2
2026-05-30 15:10:43,node,worker-4,1112,1330,,55.6,34.6
2026-05-30 15:10:52,deployment,adservice,260,390,4,,
2026-05-30 15:10:52,deployment,cartservice,228,218,4,,
2026-05-30 15:10:52,deployment,checkoutservice,37,52,3,,
2026-05-30 15:10:52,deployment,currencyservice,348,182,3,,
2026-05-30 15:10:52,deployment,emailservice,10,50,1,,
2026-05-30 15:10:52,deployment,frontend,519,46,3,,
2026-05-30 15:10:52,deployment,paymentservice,14,26,1,,
2026-05-30 15:10:52,deployment,productcatalogservice,330,84,6,,
2026-05-30 15:10:52,deployment,recommendationservice,216,156,3,,
2026-05-30 15:10:52,deployment,redis-cart,15,17,1,,
2026-05-30 15:10:52,deployment,shippingservice,26,16,1,,
2026-05-30 15:10:52,node,master,784,1576,,39.2,41.1
2026-05-30 15:10:52,node,worker,972,1268,,48.6,33.0
2026-05-30 15:10:52,node,worker-1,972,1268,,48.6,33.0
2026-05-30 15:10:52,node,worker-2,1539,925,,77.0,24.1
2026-05-30 15:10:52,node,worker-3,570,578,,28.5,15.1
2026-05-30 15:10:52,node,worker-4,997,1328,,49.9,34.6
2026-05-30 15:11:01,deployment,adservice,240,382,4,,
2026-05-30 15:11:01,deployment,cartservice,239,218,4,,
2026-05-30 15:11:01,deployment,checkoutservice,37,51,3,,
2026-05-30 15:11:01,deployment,currencyservice,350,183,3,,
2026-05-30 15:11:01,deployment,emailservice,13,50,1,,
2026-05-30 15:11:01,deployment,frontend,523,47,3,,
2026-05-30 15:11:01,deployment,paymentservice,16,27,1,,
2026-05-30 15:11:01,deployment,productcatalogservice,329,85,6,,
2026-05-30 15:11:01,deployment,recommendationservice,215,156,3,,
2026-05-30 15:11:01,deployment,redis-cart,15,17,1,,
2026-05-30 15:11:01,deployment,shippingservice,26,16,1,,
2026-05-30 15:11:01,node,master,784,1576,,39.2,41.1
2026-05-30 15:11:01,node,worker,972,1268,,48.6,33.0
2026-05-30 15:11:01,node,worker-1,972,1268,,48.6,33.0
2026-05-30 15:11:01,node,worker-2,1539,925,,77.0,24.1
2026-05-30 15:11:01,node,worker-3,570,578,,28.5,15.1
2026-05-30 15:11:01,node,worker-4,997,1328,,49.9,34.6
2026-05-30 15:11:10,deployment,adservice,106,382,4,,
2026-05-30 15:11:10,deployment,cartservice,260,218,4,,
2026-05-30 15:11:10,deployment,checkoutservice,39,51,3,,
2026-05-30 15:11:10,deployment,currencyservice,340,185,3,,
2026-05-30 15:11:10,deployment,emailservice,13,50,1,,
2026-05-30 15:11:10,deployment,frontend,529,47,3,,
2026-05-30 15:11:10,deployment,paymentservice,13,27,1,,
2026-05-30 15:11:10,deployment,productcatalogservice,329,85,6,,
2026-05-30 15:11:10,deployment,recommendationservice,217,156,3,,
2026-05-30 15:11:10,deployment,redis-cart,14,17,1,,
2026-05-30 15:11:10,deployment,shippingservice,28,16,1,,
2026-05-30 15:11:10,node,master,838,1579,,41.9,41.1
2026-05-30 15:11:10,node,worker,1071,1266,,53.5,33.0
2026-05-30 15:11:10,node,worker-1,1071,1266,,53.5,33.0
2026-05-30 15:11:10,node,worker-2,1465,912,,73.2,23.8
2026-05-30 15:11:10,node,worker-3,591,577,,29.5,15.0
2026-05-30 15:11:10,node,worker-4,1077,1377,,53.8,35.9
2026-05-30 15:11:18,deployment,adservice,106,382,4,,
2026-05-30 15:11:18,deployment,cartservice,260,218,4,,
2026-05-30 15:11:18,deployment,checkoutservice,39,51,3,,
2026-05-30 15:11:18,deployment,currencyservice,340,185,3,,
2026-05-30 15:11:18,deployment,emailservice,13,50,1,,
2026-05-30 15:11:18,deployment,frontend,529,47,3,,
2026-05-30 15:11:18,deployment,paymentservice,13,27,1,,
2026-05-30 15:11:18,deployment,productcatalogservice,329,85,6,,
2026-05-30 15:11:18,deployment,recommendationservice,217,156,3,,
2026-05-30 15:11:18,deployment,redis-cart,14,17,1,,
2026-05-30 15:11:18,deployment,shippingservice,28,16,1,,
2026-05-30 15:11:18,node,master,838,1579,,41.9,41.1
2026-05-30 15:11:18,node,worker,1071,1266,,53.5,33.0
2026-05-30 15:11:18,node,worker-1,1071,1266,,53.5,33.0
2026-05-30 15:11:18,node,worker-2,1465,912,,73.2,23.8
2026-05-30 15:11:18,node,worker-3,591,577,,29.5,15.0
2026-05-30 15:11:18,node,worker-4,1077,1377,,53.8,35.9
2026-05-30 15:11:26,deployment,adservice,134,388,4,,
2026-05-30 15:11:26,deployment,cartservice,192,220,4,,
2026-05-30 15:11:26,deployment,checkoutservice,41,51,3,,
2026-05-30 15:11:26,deployment,currencyservice,341,183,3,,
2026-05-30 15:11:26,deployment,emailservice,13,50,1,,
2026-05-30 15:11:26,deployment,frontend,517,47,3,,
2026-05-30 15:11:26,deployment,paymentservice,14,27,1,,
2026-05-30 15:11:26,deployment,productcatalogservice,337,85,6,,
2026-05-30 15:11:26,deployment,recommendationservice,216,158,3,,
2026-05-30 15:11:26,deployment,redis-cart,26,18,1,,
2026-05-30 15:11:26,deployment,shippingservice,25,16,1,,
2026-05-30 15:11:26,node,master,801,1578,,40.1,41.1
2026-05-30 15:11:26,node,worker,1011,1266,,50.5,33.0
2026-05-30 15:11:26,node,worker-1,1011,1266,,50.5,33.0
2026-05-30 15:11:26,node,worker-2,1510,915,,75.5,23.8
2026-05-30 15:11:26,node,worker-3,621,573,,31.1,14.9
2026-05-30 15:11:26,node,worker-4,1071,1382,,53.5,36.0
2026-05-30 15:11:34,deployment,adservice,134,388,4,,
2026-05-30 15:11:34,deployment,cartservice,192,220,4,,
2026-05-30 15:11:34,deployment,checkoutservice,41,51,3,,
2026-05-30 15:11:34,deployment,currencyservice,341,183,3,,
2026-05-30 15:11:34,deployment,emailservice,13,50,1,,
2026-05-30 15:11:34,deployment,frontend,517,47,3,,
2026-05-30 15:11:34,deployment,paymentservice,14,27,1,,
2026-05-30 15:11:34,deployment,productcatalogservice,337,85,6,,
2026-05-30 15:11:34,deployment,recommendationservice,216,158,3,,
2026-05-30 15:11:34,deployment,redis-cart,26,18,1,,
2026-05-30 15:11:34,deployment,shippingservice,25,16,1,,
2026-05-30 15:11:34,node,master,801,1578,,40.1,41.1
2026-05-30 15:11:34,node,worker,1011,1266,,50.5,33.0
2026-05-30 15:11:34,node,worker-1,1011,1266,,50.5,33.0
2026-05-30 15:11:34,node,worker-2,1510,915,,75.5,23.8
2026-05-30 15:11:34,node,worker-3,621,573,,31.1,14.9
2026-05-30 15:11:34,node,worker-4,1071,1382,,53.5,36.0
2026-05-30 15:11:44,deployment,adservice,222,397,4,,
2026-05-30 15:11:44,deployment,cartservice,204,220,4,,
2026-05-30 15:11:44,deployment,checkoutservice,40,52,3,,
2026-05-30 15:11:44,deployment,currencyservice,339,183,3,,
2026-05-30 15:11:44,deployment,emailservice,12,50,1,,
2026-05-30 15:11:44,deployment,frontend,539,47,3,,
2026-05-30 15:11:44,deployment,paymentservice,12,27,1,,
2026-05-30 15:11:44,deployment,productcatalogservice,335,86,6,,
2026-05-30 15:11:44,deployment,recommendationservice,216,156,3,,
2026-05-30 15:11:44,deployment,redis-cart,15,18,1,,
2026-05-30 15:11:44,deployment,shippingservice,28,16,1,,
2026-05-30 15:11:44,node,master,806,1579,,40.3,41.1
2026-05-30 15:11:44,node,worker,1100,1273,,55.0,33.2
2026-05-30 15:11:44,node,worker-1,1100,1273,,55.0,33.2
2026-05-30 15:11:44,node,worker-2,1464,913,,73.2,23.8
2026-05-30 15:11:44,node,worker-3,620,572,,31.0,14.9
2026-05-30 15:11:44,node,worker-4,1099,1313,,54.9,34.2
2026-05-30 15:11:53,deployment,adservice,222,397,4,,
2026-05-30 15:11:53,deployment,cartservice,204,220,4,,
2026-05-30 15:11:53,deployment,checkoutservice,40,52,3,,
2026-05-30 15:11:53,deployment,currencyservice,339,183,3,,
2026-05-30 15:11:53,deployment,emailservice,12,50,1,,
2026-05-30 15:11:53,deployment,frontend,539,47,3,,
2026-05-30 15:11:53,deployment,paymentservice,12,27,1,,
2026-05-30 15:11:53,deployment,productcatalogservice,335,86,6,,
2026-05-30 15:11:53,deployment,recommendationservice,216,156,3,,
2026-05-30 15:11:53,deployment,redis-cart,15,18,1,,
2026-05-30 15:11:53,deployment,shippingservice,28,16,1,,
2026-05-30 15:11:53,node,master,754,1571,,37.7,40.9
2026-05-30 15:11:53,node,worker,988,1272,,49.4,33.1
2026-05-30 15:11:53,node,worker-1,988,1272,,49.4,33.1
2026-05-30 15:11:53,node,worker-2,1498,913,,74.9,23.8
2026-05-30 15:11:53,node,worker-3,616,575,,30.8,15.0
2026-05-30 15:11:53,node,worker-4,1047,1304,,52.3,34.0
2026-05-30 15:12:01,deployment,adservice,252,387,4,,
2026-05-30 15:12:01,deployment,cartservice,192,220,4,,
2026-05-30 15:12:01,deployment,checkoutservice,36,51,3,,
2026-05-30 15:12:01,deployment,currencyservice,334,184,3,,
2026-05-30 15:12:01,deployment,emailservice,13,50,1,,
2026-05-30 15:12:01,deployment,frontend,507,47,3,,
2026-05-30 15:12:01,deployment,paymentservice,9,27,1,,
2026-05-30 15:12:01,deployment,productcatalogservice,339,84,6,,
2026-05-30 15:12:01,deployment,recommendationservice,217,156,3,,
2026-05-30 15:12:01,deployment,redis-cart,15,18,1,,
2026-05-30 15:12:01,deployment,shippingservice,26,16,1,,
2026-05-30 15:12:01,node,master,754,1571,,37.7,40.9
2026-05-30 15:12:01,node,worker,988,1272,,49.4,33.1
2026-05-30 15:12:01,node,worker-1,988,1272,,49.4,33.1
2026-05-30 15:12:01,node,worker-2,1498,913,,74.9,23.8
2026-05-30 15:12:01,node,worker-3,616,575,,30.8,15.0
2026-05-30 15:12:01,node,worker-4,1047,1304,,52.3,34.0
2026-05-30 15:12:12,deployment,adservice,153,392,4,,
2026-05-30 15:12:12,deployment,cartservice,172,220,4,,
2026-05-30 15:12:12,deployment,checkoutservice,36,51,3,,
2026-05-30 15:12:12,deployment,currencyservice,323,184,3,,
2026-05-30 15:12:12,deployment,emailservice,11,50,1,,
2026-05-30 15:12:12,deployment,frontend,503,47,3,,
2026-05-30 15:12:12,deployment,paymentservice,11,27,1,,
2026-05-30 15:12:12,deployment,productcatalogservice,308,84,6,,
2026-05-30 15:12:12,deployment,recommendationservice,210,157,3,,
2026-05-30 15:12:12,deployment,redis-cart,15,18,1,,
2026-05-30 15:12:12,deployment,shippingservice,23,16,1,,
2026-05-30 15:12:12,node,master,805,1592,,40.2,41.5
2026-05-30 15:12:12,node,worker,985,1265,,49.2,33.0
2026-05-30 15:12:12,node,worker-1,985,1265,,49.2,33.0
2026-05-30 15:12:12,node,worker-2,1422,921,,71.1,24.0
2026-05-30 15:12:12,node,worker-3,561,575,,28.1,15.0
2026-05-30 15:12:12,node,worker-4,1023,1331,,51.1,34.7
2026-05-30 15:12:20,deployment,adservice,153,392,4,,
2026-05-30 15:12:20,deployment,cartservice,172,220,4,,
2026-05-30 15:12:20,deployment,checkoutservice,36,51,3,,
2026-05-30 15:12:20,deployment,currencyservice,323,184,3,,
2026-05-30 15:12:20,deployment,emailservice,11,50,1,,
2026-05-30 15:12:20,deployment,frontend,503,47,3,,
2026-05-30 15:12:20,deployment,paymentservice,11,27,1,,
2026-05-30 15:12:20,deployment,productcatalogservice,308,84,6,,
2026-05-30 15:12:20,deployment,recommendationservice,210,157,3,,
2026-05-30 15:12:20,deployment,redis-cart,15,18,1,,
2026-05-30 15:12:20,deployment,shippingservice,23,16,1,,
2026-05-30 15:12:20,node,master,805,1592,,40.2,41.5
2026-05-30 15:12:20,node,worker,985,1265,,49.2,33.0
2026-05-30 15:12:20,node,worker-1,985,1265,,49.2,33.0
2026-05-30 15:12:20,node,worker-2,1422,921,,71.1,24.0
2026-05-30 15:12:20,node,worker-3,561,575,,28.1,15.0
2026-05-30 15:12:20,node,worker-4,1023,1331,,51.1,34.7
2026-05-30 15:12:28,deployment,adservice,143,385,4,,
2026-05-30 15:12:28,deployment,cartservice,195,221,4,,
2026-05-30 15:12:28,deployment,checkoutservice,39,52,3,,
2026-05-30 15:12:28,deployment,currencyservice,349,186,3,,
2026-05-30 15:12:28,deployment,emailservice,11,50,1,,
2026-05-30 15:12:28,deployment,frontend,515,48,3,,
2026-05-30 15:12:28,deployment,paymentservice,12,28,1,,
2026-05-30 15:12:28,deployment,productcatalogservice,317,85,6,,
2026-05-30 15:12:28,deployment,recommendationservice,205,157,3,,
2026-05-30 15:12:28,deployment,redis-cart,13,18,1,,
2026-05-30 15:12:28,deployment,shippingservice,27,16,1,,
2026-05-30 15:12:28,node,master,799,1573,,40.0,41.0
2026-05-30 15:12:28,node,worker,996,1265,,49.8,33.0
2026-05-30 15:12:28,node,worker-1,996,1265,,49.8,33.0
2026-05-30 15:12:28,node,worker-2,1466,916,,73.3,23.9
2026-05-30 15:12:28,node,worker-3,627,576,,31.4,15.0
2026-05-30 15:12:28,node,worker-4,980,1335,,49.0,34.8
2026-05-30 15:12:35,deployment,adservice,71,290,3,,
2026-05-30 15:12:35,deployment,cartservice,195,221,4,,
2026-05-30 15:12:35,deployment,checkoutservice,39,52,3,,
2026-05-30 15:12:35,deployment,currencyservice,349,186,3,,
2026-05-30 15:12:35,deployment,emailservice,11,50,1,,
2026-05-30 15:12:35,deployment,frontend,515,48,3,,
2026-05-30 15:12:35,deployment,paymentservice,12,28,1,,
2026-05-30 15:12:35,deployment,productcatalogservice,317,85,6,,
2026-05-30 15:12:35,deployment,recommendationservice,205,157,3,,
2026-05-30 15:12:35,deployment,redis-cart,13,18,1,,
2026-05-30 15:12:35,deployment,shippingservice,27,16,1,,
2026-05-30 15:12:35,node,master,799,1573,,40.0,41.0
2026-05-30 15:12:35,node,worker,996,1265,,49.8,33.0
2026-05-30 15:12:35,node,worker-1,996,1265,,49.8,33.0
2026-05-30 15:12:35,node,worker-2,1466,916,,73.3,23.9
2026-05-30 15:12:35,node,worker-3,627,576,,31.4,15.0
2026-05-30 15:12:35,node,worker-4,980,1335,,49.0,34.8
2026-05-30 15:12:43,deployment,adservice,74,292,3,,
2026-05-30 15:12:43,deployment,cartservice,204,220,4,,
2026-05-30 15:12:43,deployment,checkoutservice,22,34,2,,
2026-05-30 15:12:43,deployment,currencyservice,349,185,3,,
2026-05-30 15:12:43,deployment,emailservice,12,50,1,,
2026-05-30 15:12:43,deployment,frontend,511,48,3,,
2026-05-30 15:12:43,deployment,paymentservice,9,27,1,,
2026-05-30 15:12:43,deployment,productcatalogservice,332,85,6,,
2026-05-30 15:12:43,deployment,recommendationservice,209,157,3,,
2026-05-30 15:12:43,deployment,redis-cart,14,18,1,,
2026-05-30 15:12:43,deployment,shippingservice,25,16,1,,
2026-05-30 15:12:43,node,master,785,1575,,39.2,41.0
2026-05-30 15:12:43,node,worker,1062,1274,,53.1,33.2
2026-05-30 15:12:43,node,worker-1,1062,1274,,53.1,33.2
2026-05-30 15:12:43,node,worker-2,1478,912,,73.9,23.8
2026-05-30 15:12:43,node,worker-3,593,577,,29.6,15.0
2026-05-30 15:12:43,node,worker-4,1068,1290,,53.4,33.6
2026-05-30 15:12:53,deployment,adservice,74,292,3,,
2026-05-30 15:12:53,deployment,cartservice,204,220,4,,
2026-05-30 15:12:53,deployment,checkoutservice,22,34,2,,
2026-05-30 15:12:53,deployment,currencyservice,349,185,3,,
2026-05-30 15:12:53,deployment,emailservice,12,50,1,,
2026-05-30 15:12:53,deployment,frontend,536,47,3,,
2026-05-30 15:12:53,deployment,paymentservice,10,28,1,,
2026-05-30 15:12:53,deployment,productcatalogservice,327,85,6,,
2026-05-30 15:12:53,deployment,recommendationservice,213,157,3,,
2026-05-30 15:12:53,deployment,redis-cart,14,18,1,,
2026-05-30 15:12:53,deployment,shippingservice,25,16,1,,
2026-05-30 15:12:53,node,master,875,1574,,43.8,41.0
2026-05-30 15:12:53,node,worker,1117,1276,,55.9,33.2
2026-05-30 15:12:53,node,worker-1,1117,1276,,55.9,33.2
2026-05-30 15:12:53,node,worker-2,1494,909,,74.7,23.7
2026-05-30 15:12:53,node,worker-3,611,577,,30.6,15.0
2026-05-30 15:12:53,node,worker-4,959,1291,,47.9,33.6
2026-05-30 15:13:02,deployment,adservice,100,297,3,,
2026-05-30 15:13:02,deployment,cartservice,184,220,4,,
2026-05-30 15:13:02,deployment,checkoutservice,26,34,2,,
2026-05-30 15:13:02,deployment,currencyservice,343,185,3,,
2026-05-30 15:13:02,deployment,emailservice,12,50,1,,
2026-05-30 15:13:02,deployment,frontend,536,47,3,,
2026-05-30 15:13:02,deployment,paymentservice,10,28,1,,
2026-05-30 15:13:02,deployment,productcatalogservice,327,85,6,,
2026-05-30 15:13:02,deployment,recommendationservice,213,157,3,,
2026-05-30 15:13:02,deployment,redis-cart,14,18,1,,
2026-05-30 15:13:02,deployment,shippingservice,25,16,1,,
2026-05-30 15:13:02,node,master,875,1574,,43.8,41.0
2026-05-30 15:13:02,node,worker,1117,1276,,55.9,33.2
2026-05-30 15:13:02,node,worker-1,1117,1276,,55.9,33.2
2026-05-30 15:13:02,node,worker-2,1494,909,,74.7,23.7
2026-05-30 15:13:02,node,worker-3,611,577,,30.6,15.0
2026-05-30 15:13:02,node,worker-4,959,1291,,47.9,33.6
2026-05-30 15:13:11,deployment,adservice,109,291,3,,
2026-05-30 15:13:11,deployment,cartservice,197,220,4,,
2026-05-30 15:13:11,deployment,checkoutservice,34,35,2,,
2026-05-30 15:13:11,deployment,currencyservice,334,184,3,,
2026-05-30 15:13:11,deployment,emailservice,12,50,1,,
2026-05-30 15:13:11,deployment,frontend,510,47,3,,
2026-05-30 15:13:11,deployment,paymentservice,10,28,1,,
2026-05-30 15:13:11,deployment,productcatalogservice,328,85,6,,
2026-05-30 15:13:11,deployment,recommendationservice,213,157,3,,
2026-05-30 15:13:11,deployment,redis-cart,14,18,1,,
2026-05-30 15:13:11,deployment,shippingservice,26,16,1,,
2026-05-30 15:13:11,node,master,758,1576,,37.9,41.1
2026-05-30 15:13:11,node,worker,989,1259,,49.5,32.8
2026-05-30 15:13:11,node,worker-1,989,1259,,49.5,32.8
2026-05-30 15:13:11,node,worker-2,1493,911,,74.7,23.7
2026-05-30 15:13:11,node,worker-3,599,578,,29.9,15.1
2026-05-30 15:13:11,node,worker-4,969,1304,,48.4,34.0
2026-05-30 15:13:19,deployment,adservice,109,291,3,,
2026-05-30 15:13:19,deployment,cartservice,197,220,4,,
2026-05-30 15:13:19,deployment,checkoutservice,34,35,2,,
2026-05-30 15:13:19,deployment,currencyservice,334,184,3,,
2026-05-30 15:13:19,deployment,emailservice,12,50,1,,
2026-05-30 15:13:19,deployment,frontend,510,47,3,,
2026-05-30 15:13:19,deployment,paymentservice,10,28,1,,
2026-05-30 15:13:19,deployment,productcatalogservice,328,85,6,,
2026-05-30 15:13:19,deployment,recommendationservice,213,157,3,,
2026-05-30 15:13:19,deployment,redis-cart,14,18,1,,
2026-05-30 15:13:19,deployment,shippingservice,26,16,1,,
2026-05-30 15:13:19,node,master,758,1576,,37.9,41.1
2026-05-30 15:13:19,node,worker,989,1259,,49.5,32.8
2026-05-30 15:13:19,node,worker-1,989,1259,,49.5,32.8
2026-05-30 15:13:19,node,worker-2,1493,911,,74.7,23.7
2026-05-30 15:13:19,node,worker-3,599,578,,29.9,15.1
2026-05-30 15:13:19,node,worker-4,969,1304,,48.4,34.0
2026-05-30 15:13:28,deployment,adservice,89,293,3,,
2026-05-30 15:13:28,deployment,cartservice,214,220,4,,
2026-05-30 15:13:28,deployment,checkoutservice,33,35,2,,
2026-05-30 15:13:28,deployment,currencyservice,338,186,3,,
2026-05-30 15:13:28,deployment,emailservice,13,50,1,,
2026-05-30 15:13:28,deployment,frontend,521,48,3,,
2026-05-30 15:13:28,deployment,paymentservice,10,28,1,,
2026-05-30 15:13:28,deployment,productcatalogservice,327,85,6,,
2026-05-30 15:13:28,deployment,recommendationservice,217,159,3,,
2026-05-30 15:13:28,deployment,redis-cart,14,18,1,,
2026-05-30 15:13:28,deployment,shippingservice,25,16,1,,
2026-05-30 15:13:28,node,master,730,1577,,36.5,41.1
2026-05-30 15:13:28,node,worker,1046,1262,,52.3,32.9
2026-05-30 15:13:28,node,worker-1,1046,1262,,52.3,32.9
2026-05-30 15:13:28,node,worker-2,1516,911,,75.8,23.7
2026-05-30 15:13:28,node,worker-3,611,578,,30.6,15.1
2026-05-30 15:13:28,node,worker-4,905,1305,,45.2,34.0
2026-05-30 15:13:37,deployment,adservice,89,293,3,,
2026-05-30 15:13:37,deployment,cartservice,214,220,4,,
2026-05-30 15:13:37,deployment,checkoutservice,33,35,2,,
2026-05-30 15:13:37,deployment,currencyservice,338,186,3,,
2026-05-30 15:13:37,deployment,emailservice,13,50,1,,
2026-05-30 15:13:37,deployment,frontend,521,48,3,,
2026-05-30 15:13:37,deployment,paymentservice,10,28,1,,
2026-05-30 15:13:37,deployment,productcatalogservice,327,85,6,,
2026-05-30 15:13:37,deployment,recommendationservice,217,159,3,,
2026-05-30 15:13:37,deployment,redis-cart,14,18,1,,
2026-05-30 15:13:37,deployment,shippingservice,25,16,1,,
2026-05-30 15:13:37,node,master,730,1577,,36.5,41.1
2026-05-30 15:13:37,node,worker,1046,1262,,52.3,32.9
2026-05-30 15:13:37,node,worker-1,1046,1262,,52.3,32.9
2026-05-30 15:13:37,node,worker-2,1516,911,,75.8,23.7
2026-05-30 15:13:37,node,worker-3,611,578,,30.6,15.1
2026-05-30 15:13:37,node,worker-4,905,1305,,45.2,34.0
