Timestamp,Service,HTTP_RPM,HTTP_LAT,gRPC_RPM,gRPC_LAT,CPU_ms,MEM_MiB,Pods
2026-03-30 14:54:55,bookinfo-gateway-istio,0.0,0.0,0.0,0.0,4,96,1
2026-03-30 14:54:56,details-v1,0.0,0.0,0.0,0.0,0,39,1
2026-03-30 14:54:57,productpage-v1,0.0,0.0,0.0,0.0,2,305,1
2026-03-30 14:54:58,ratings-v1,0.0,0.0,0.0,0.0,1,25,1
2026-03-30 14:54:59,reviews-v1,0.0,0.0,0.0,0.0,2,93,1
2026-03-30 14:54:59,reviews-v2,0.0,0.0,0.0,0.0,1,108,1
2026-03-30 14:55:00,reviews-v3,0.0,0.0,0.0,0.0,2,108,1
2026-03-30 14:55:01,waypoint,0.0,0.0,0.0,0.0,5,128,1
2026-03-30 14:55:08,bookinfo-gateway-istio,0.0,0.0,0.0,0.0,3,96,1
2026-03-30 14:55:09,details-v1,40.0,0.0,0.0,0.0,0,39,1
2026-03-30 14:55:10,productpage-v1,0.0,0.0,0.0,0.0,2,305,1
2026-03-30 14:55:12,ratings-v1,24.6,0.0,0.0,0.0,0,25,1
2026-03-30 14:55:13,reviews-v1,6.9,0.0,0.0,0.0,2,93,1
2026-03-30 14:55:14,reviews-v2,10.3,0.0,0.0,0.0,2,108,1
2026-03-30 14:55:15,reviews-v3,13.7,0.0,0.0,0.0,1,108,1
2026-03-30 14:55:16,waypoint,0.0,0.0,0.0,0.0,6,128,1
2026-03-30 14:55:23,bookinfo-gateway-istio,0.0,0.0,0.0,0.0,37,97,1
2026-03-30 14:55:24,details-v1,982.3,24.3,0.0,0.0,32,39,1
2026-03-30 14:55:25,productpage-v1,522.3,221.3,0.0,0.0,2,305,1
2026-03-30 14:55:26,ratings-v1,597.1,7.4,0.0,0.0,2,25,1
2026-03-30 14:55:27,reviews-v1,212.0,16.0,0.0,0.0,5,93,1
2026-03-30 14:55:28,reviews-v2,213.7,36.9,0.0,0.0,2,108,1
2026-03-30 14:55:30,reviews-v3,251.4,20.2,0.0,0.0,1,109,1
2026-03-30 14:55:31,waypoint,0.0,0.0,0.0,0.0,122,128,1
2026-03-30 14:55:38,bookinfo-gateway-istio,0.0,0.0,0.0,0.0,99,97,1
2026-03-30 14:55:39,details-v1,2229.1,24.2,0.0,0.0,97,39,1
2026-03-30 14:55:40,productpage-v1,1636.0,811.5,0.0,0.0,523,310,1
2026-03-30 14:55:41,ratings-v1,1330.9,7.0,0.0,0.0,17,25,1
2026-03-30 14:55:43,reviews-v1,457.1,14.0,0.0,0.0,10,93,1
2026-03-30 14:55:44,reviews-v2,441.1,32.9,0.0,0.0,21,108,1
2026-03-30 14:55:46,reviews-v3,524.6,19.5,0.0,0.0,28,109,1
2026-03-30 14:55:47,waypoint,0.0,0.0,0.0,0.0,165,128,1
2026-03-30 14:55:54,bookinfo-gateway-istio,0.0,0.0,0.0,0.0,99,97,1
2026-03-30 14:55:55,details-v1,3216.3,23.7,0.0,0.0,96,39,1
2026-03-30 14:55:56,productpage-v1,2814.9,904.2,0.0,0.0,680,311,4
2026-03-30 14:55:58,ratings-v1,1904.4,7.2,0.0,0.0,16,25,1
2026-03-30 14:55:59,reviews-v1,659.9,13.6,0.0,0.0,9,93,1
2026-03-30 14:56:00,reviews-v2,633.7,32.6,0.0,0.0,25,109,1
2026-03-30 14:56:02,reviews-v3,781.7,20.4,0.0,0.0,21,109,1
2026-03-30 14:56:03,waypoint,0.0,0.0,0.0,0.0,135,130,1
2026-03-30 14:56:10,bookinfo-gateway-istio,0.0,0.0,0.0,0.0,94,98,1
2026-03-30 14:56:10,details-v1,4660.0,63.5,0.0,0.0,83,41,1
2026-03-30 14:56:12,productpage-v1,4086.3,1080.3,0.0,0.0,2439,1132,4
2026-03-30 14:56:14,ratings-v1,2689.1,25.3,0.0,0.0,11,25,1
2026-03-30 14:56:15,reviews-v1,1060.6,41.3,0.0,0.0,17,93,1
2026-03-30 14:56:17,reviews-v2,946.8,88.4,0.0,0.0,34,108,1
2026-03-30 14:56:18,reviews-v3,1099.3,108.6,0.0,0.0,31,108,1
2026-03-30 14:56:20,waypoint,0.0,0.0,0.0,0.0,194,130,1
2026-03-30 14:56:27,bookinfo-gateway-istio,0.0,0.0,0.0,0.0,119,98,1
2026-03-30 14:56:28,details-v1,6279.8,126.0,0.0,0.0,141,43,1
2026-03-30 14:56:29,productpage-v1,5708.6,904.5,0.0,0.0,947,1136,5
2026-03-30 14:56:30,ratings-v1,3551.5,43.6,0.0,0.0,18,25,1
2026-03-30 14:56:32,reviews-v1,1610.4,64.1,0.0,0.0,15,93,1
2026-03-30 14:56:33,reviews-v2,1318.3,152.4,0.0,0.0,39,109,1
2026-03-30 14:56:34,reviews-v3,1380.0,141.4,0.0,0.0,28,109,1
2026-03-30 14:56:35,waypoint,0.0,0.0,0.0,0.0,191,131,1
2026-03-30 14:56:42,bookinfo-gateway-istio,0.0,0.0,0.0,0.0,135,98,1
2026-03-30 14:56:43,details-v1,8126.3,154.7,0.0,0.0,143,43,1
2026-03-30 14:56:44,productpage-v1,7557.1,787.3,0.0,0.0,1562,1403,5
2026-03-30 14:56:45,ratings-v1,4532.0,47.5,0.0,0.0,19,25,1
2026-03-30 14:56:47,reviews-v1,2240.0,66.1,0.0,0.0,16,93,1
2026-03-30 14:56:48,reviews-v2,1641.7,159.0,0.0,0.0,48,109,1
2026-03-30 14:56:49,reviews-v3,1648.6,152.7,0.0,0.0,30,109,1
2026-03-30 14:56:50,waypoint,0.0,0.0,0.0,0.0,197,131,1
2026-03-30 14:56:57,bookinfo-gateway-istio,0.0,0.0,0.0,0.0,135,98,1
2026-03-30 14:56:58,details-v1,9741.7,162.8,0.0,0.0,145,43,1
2026-03-30 14:56:59,productpage-v1,9276.1,702.6,0.0,0.0,1031,1412,5
2026-03-30 14:57:00,ratings-v1,5482.9,52.3,0.0,0.0,21,25,1
2026-03-30 14:57:02,reviews-v1,2610.3,69.2,0.0,0.0,14,93,1
2026-03-30 14:57:03,reviews-v2,1890.3,168.5,0.0,0.0,42,109,1
2026-03-30 14:57:04,reviews-v3,1816.6,172.4,0.0,0.0,28,111,1
2026-03-30 14:57:05,waypoint,0.0,0.0,0.0,0.0,213,131,1
2026-03-30 14:57:12,bookinfo-gateway-istio,0.0,0.0,0.0,0.0,127,98,1
2026-03-30 14:57:13,details-v1,10545.1,192.3,0.0,0.0,148,43,1
2026-03-30 14:57:15,productpage-v1,10552.6,668.4,0.0,0.0,1004,1411,5
2026-03-30 14:57:16,ratings-v1,5838.9,55.9,0.0,0.0,19,25,1
2026-03-30 14:57:17,reviews-v1,2838.3,72.1,0.0,0.0,14,93,1
2026-03-30 14:57:18,reviews-v2,1968.6,178.6,0.0,0.0,44,108,1
2026-03-30 14:57:20,reviews-v3,1790.3,199.3,0.0,0.0,30,110,1
2026-03-30 14:57:22,waypoint,0.0,0.0,0.0,0.0,213,131,1
2026-03-30 14:57:28,bookinfo-gateway-istio,0.0,0.0,0.0,0.0,120,98,1
2026-03-30 14:57:29,details-v1,11072.6,226.9,0.0,0.0,154,43,1
2026-03-30 14:57:30,productpage-v1,11243.4,599.6,0.0,0.0,1050,1413,5
2026-03-30 14:57:32,ratings-v1,6183.5,66.2,0.0,0.0,20,25,1
2026-03-30 14:57:33,reviews-v1,3082.0,76.5,0.0,0.0,16,93,1
2026-03-30 14:57:34,reviews-v2,2089.3,193.1,0.0,0.0,46,109,1
2026-03-30 14:57:35,reviews-v3,1799.6,231.4,0.0,0.0,29,110,1
2026-03-30 14:57:37,waypoint,0.0,0.0,0.0,0.0,211,131,1
2026-03-30 14:57:43,bookinfo-gateway-istio,0.0,0.0,0.0,0.0,125,98,1
2026-03-30 14:57:44,details-v1,11860.3,257.7,0.0,0.0,151,43,1
2026-03-30 14:57:45,productpage-v1,12297.7,423.6,0.0,0.0,1044,1412,5
2026-03-30 14:57:47,ratings-v1,6556.5,69.3,0.0,0.0,20,25,1
2026-03-30 14:57:48,reviews-v1,3305.7,80.2,0.0,0.0,16,93,1
2026-03-30 14:57:50,reviews-v2,2210.3,201.1,0.0,0.0,44,110,1
2026-03-30 14:57:51,reviews-v3,1905.7,250.1,0.0,0.0,27,111,1
2026-03-30 14:57:52,waypoint,0.0,0.0,0.0,0.0,208,131,1
2026-03-30 14:57:59,bookinfo-gateway-istio,0.0,0.0,0.0,0.0,134,98,1
2026-03-30 14:58:00,details-v1,12248.0,273.5,0.0,0.0,160,43,1
2026-03-30 14:58:02,productpage-v1,12661.1,396.5,0.0,0.0,1030,1413,5
2026-03-30 14:58:03,ratings-v1,6703.8,60.9,0.0,0.0,22,25,1
2026-03-30 14:58:04,reviews-v1,3327.3,70.0,0.0,0.0,15,93,1
2026-03-30 14:58:05,reviews-v2,2276.9,171.2,0.0,0.0,46,110,1
2026-03-30 14:58:07,reviews-v3,1934.0,218.4,0.0,0.0,36,110,1
2026-03-30 14:58:08,waypoint,0.0,0.0,0.0,0.0,227,131,1
2026-03-30 14:58:15,bookinfo-gateway-istio,0.0,0.0,0.0,0.0,125,95,1
2026-03-30 14:58:16,details-v1,12452.0,280.2,0.0,0.0,138,43,1
2026-03-30 14:58:17,productpage-v1,12594.3,395.9,0.0,0.0,1068,1415,5
2026-03-30 14:58:18,ratings-v1,6752.6,57.9,0.0,0.0,22,25,1
2026-03-30 14:58:19,reviews-v1,3316.0,67.6,0.0,0.0,15,93,1
2026-03-30 14:58:20,reviews-v2,2282.9,163.5,0.0,0.0,46,110,1
2026-03-30 14:58:21,reviews-v3,1934.9,207.3,0.0,0.0,32,110,1
2026-03-30 14:58:23,waypoint,0.0,0.0,0.0,0.0,214,131,1
2026-03-30 14:58:29,bookinfo-gateway-istio,0.0,0.0,0.0,0.0,131,95,1
2026-03-30 14:58:30,details-v1,12370.1,296.1,0.0,0.0,161,43,1
2026-03-30 14:58:32,productpage-v1,12649.7,397.1,0.0,0.0,1012,1415,5
2026-03-30 14:58:33,ratings-v1,6765.6,56.2,0.0,0.0,20,25,1
2026-03-30 14:58:34,reviews-v1,3290.2,65.8,0.0,0.0,16,93,1
2026-03-30 14:58:36,reviews-v2,2297.1,156.6,0.0,0.0,41,109,1
2026-03-30 14:58:37,reviews-v3,1951.4,202.6,0.0,0.0,28,110,1
2026-03-30 14:58:38,waypoint,0.0,0.0,0.0,0.0,230,132,1
2026-03-30 14:58:45,bookinfo-gateway-istio,0.0,0.0,0.0,0.0,133,95,1
2026-03-30 14:58:46,details-v1,12523.4,315.4,0.0,0.0,159,43,1
2026-03-30 14:58:47,productpage-v1,12691.4,386.1,0.0,0.0,1069,1416,5
2026-03-30 14:58:49,ratings-v1,6865.1,53.0,0.0,0.0,24,25,1
2026-03-30 14:58:50,reviews-v1,3324.0,62.7,0.0,0.0,16,93,1
2026-03-30 14:58:51,reviews-v2,2305.7,147.6,0.0,0.0,47,110,1
2026-03-30 14:58:52,reviews-v3,2016.5,186.9,0.0,0.0,42,111,1
2026-03-30 14:58:54,waypoint,0.0,0.0,0.0,0.0,221,125,1
2026-03-30 14:59:01,bookinfo-gateway-istio,0.0,0.0,0.0,0.0,126,95,1
2026-03-30 14:59:02,details-v1,12678.3,310.1,0.0,0.0,153,43,1
2026-03-30 14:59:03,productpage-v1,12786.9,378.3,0.0,0.0,1055,1415,5
2026-03-30 14:59:04,ratings-v1,6954.5,52.9,0.0,0.0,22,25,1
2026-03-30 14:59:06,reviews-v1,3326.7,62.3,0.0,0.0,16,93,1
2026-03-30 14:59:07,reviews-v2,2314.2,149.0,0.0,0.0,43,109,1
2026-03-30 14:59:08,reviews-v3,2028.5,181.1,0.0,0.0,32,111,1
2026-03-30 14:59:09,waypoint,0.0,0.0,0.0,0.0,219,125,1
2026-03-30 14:59:16,bookinfo-gateway-istio,0.0,0.0,0.0,0.0,135,95,1
2026-03-30 14:59:18,details-v1,12705.6,315.9,0.0,0.0,158,44,1
2026-03-30 14:59:19,productpage-v1,12824.2,379.1,0.0,0.0,1076,1415,5
2026-03-30 14:59:20,ratings-v1,6998.8,51.9,0.0,0.0,22,25,1
2026-03-30 14:59:21,reviews-v1,3308.5,61.2,0.0,0.0,16,93,1
2026-03-30 14:59:22,reviews-v2,2337.2,141.7,0.0,0.0,47,109,1
2026-03-30 14:59:24,reviews-v3,2084.0,170.6,0.0,0.0,40,111,1
2026-03-30 14:59:25,waypoint,0.0,0.0,0.0,0.0,226,128,1
2026-03-30 14:59:32,bookinfo-gateway-istio,0.0,0.0,0.0,0.0,139,95,1
2026-03-30 14:59:33,details-v1,12799.0,324.4,0.0,0.0,157,43,1
2026-03-30 14:59:34,productpage-v1,12838.3,375.4,0.0,0.0,1041,1416,5
2026-03-30 14:59:35,ratings-v1,7044.1,49.5,0.0,0.0,18,25,1
2026-03-30 14:59:36,reviews-v1,3298.9,57.8,0.0,0.0,16,93,1
2026-03-30 14:59:37,reviews-v2,2347.4,141.2,0.0,0.0,47,108,1
2026-03-30 14:59:39,reviews-v3,2072.6,171.5,0.0,0.0,35,111,1
2026-03-30 14:59:40,waypoint,0.0,0.0,0.0,0.0,224,128,1
2026-03-30 14:59:47,bookinfo-gateway-istio,0.0,0.0,0.0,0.0,130,95,1
2026-03-30 14:59:48,details-v1,12733.8,324.3,0.0,0.0,165,43,1
2026-03-30 14:59:49,productpage-v1,12781.1,377.8,0.0,0.0,1104,1417,5
2026-03-30 14:59:50,ratings-v1,7075.5,50.4,0.0,0.0,24,25,1
2026-03-30 14:59:51,reviews-v1,3269.7,59.6,0.0,0.0,14,93,1
2026-03-30 14:59:52,reviews-v2,2375.7,141.0,0.0,0.0,44,108,1
2026-03-30 14:59:53,reviews-v3,2105.7,166.2,0.0,0.0,47,111,1
2026-03-30 14:59:54,waypoint,0.0,0.0,0.0,0.0,235,129,1
2026-03-30 15:00:02,bookinfo-gateway-istio,0.0,0.0,0.0,0.0,132,94,1
2026-03-30 15:00:03,details-v1,12761.7,326.5,0.0,0.0,165,43,1
2026-03-30 15:00:05,productpage-v1,12805.7,371.8,0.0,0.0,1021,1419,5
2026-03-30 15:00:06,ratings-v1,7133.7,48.2,0.0,0.0,20,25,1
2026-03-30 15:00:07,reviews-v1,3245.2,57.6,0.0,0.0,14,93,1
2026-03-30 15:00:08,reviews-v2,2390.9,135.7,0.0,0.0,47,109,1
2026-03-30 15:00:09,reviews-v3,2105.8,164.9,0.0,0.0,43,110,1
2026-03-30 15:00:10,waypoint,0.0,0.0,0.0,0.0,220,129,1
2026-03-30 15:00:16,bookinfo-gateway-istio,0.0,0.0,0.0,0.0,139,95,1
2026-03-30 15:00:17,details-v1,12035.7,317.2,0.0,0.0,117,43,1
2026-03-30 15:00:17,productpage-v1,11588.6,368.4,0.0,0.0,948,1417,5
2026-03-30 15:00:18,ratings-v1,6761.8,48.3,0.0,0.0,15,25,1
2026-03-30 15:00:19,reviews-v1,3082.9,57.1,0.0,0.0,15,93,1
2026-03-30 15:00:20,reviews-v2,2267.5,136.0,0.0,0.0,45,109,1
2026-03-30 15:00:20,reviews-v3,2002.9,163.1,0.0,0.0,37,112,1
2026-03-30 15:00:21,waypoint,0.0,0.0,0.0,0.0,196,129,1
